State,Fips,County,Insufficient Sleep,CI - Low,CI - High,
Washington,53001,Adams,32,31,33,
,53003,Asotin,31,30,32,
,53005,Benton,30,29,31,
,53007,Chelan,28,27,28,
,53009,Clallam,28,27,28,
,53011,Clark,32,31,33,
,53013,Columbia,28,27,29,
,53015,Cowlitz,29,29,30,
,53017,Douglas,30,29,31,
,53019,Ferry,31,30,32,
,53021,Franklin,34,33,34,
,53023,Garfield,28,27,29,
,53025,Grant,29,28,29,
,53027,Grays Harbor,34,33,34,
,53029,Island,29,28,29,
,53031,Jefferson,28,27,29,
,53033,King,29,29,30,
,53035,Kitsap,31,30,32,
,53037,Kittitas,31,30,32,
,53039,Klickitat,30,29,31,
,53041,Lewis,29,28,30,
,53043,Lincoln,28,27,29,
,53045,Mason,33,32,34,
,53047,Okanogan,31,30,32,
,53049,Pacific,33,31,34,
,53051,Pend Oreille,29,28,30,
,53053,Pierce,35,35,36,
,53055,San Juan,24,23,25,
,53057,Skagit,32,31,33,
,53059,Skamania,31,30,32,
,53061,Snohomish,33,32,33,
,53063,Spokane,30,30,31,
,53065,Stevens,30,29,31,
,53067,Thurston,29,29,30,
,53069,Wahkiakum,28,27,29,
,53071,Walla Walla,28,28,29,
,53073,Whatcom,24,24,25,
,53075,Whitman,31,30,33,
,53077,Yakima,33,32,33,
Oregon,41001,Baker,29,28,30,
,41003,Benton,30,29,31,
,41005,Clackamas,29,28,29,
,41007,Clatsop,29,28,30,
,41009,Columbia,30,29,31,
,41011,Coos,32,31,33,
,41013,Crook,31,30,32,
,41015,Curry,28,27,29,
,41017,Deschutes,29,28,30,
,41019,Douglas,30,29,31,
,41021,Gilliam,28,27,29,
,41023,Grant,29,28,30,
,41025,Harney,30,29,31,
,41027,Hood River,29,28,30,
,41029,Jackson,30,29,31,
,41031,Jefferson,32,31,33,
,41033,Josephine,29,29,30,
,41035,Klamath,33,32,34,
,41037,Lake,32,31,33,
,41039,Lane,30,29,30,
,41041,Lincoln,30,29,31,
,41043,Linn,32,31,33,
,41045,Malheur,31,30,32,
,41047,Marion,30,29,31,
,41049,Morrow,32,31,32,
,41051,Multnomah,28,28,29,
,41053,Polk,30,29,30,
,41055,Sherman,29,28,30,
,41057,Tillamook,31,30,32,
,41059,Umatilla,33,32,34,
,41061,Union,29,28,30,
,41063,Wallowa,29,28,30,
,41065,Wasco,30,29,31,
,41067,Washington,31,31,32,
,41069,Wheeler,28,27,29,
,41071,Yamhill,32,31,33,
California,06001,Alameda,32,32,33,
,06003,Alpine,31,30,31,
,06005,Amador,28,27,29,
,06007,Butte,32,31,33,
,06009,Calaveras,28,27,28,
,06011,Colusa,32,31,33,
,06013,Contra Costa,34,33,35,
,06015,Del Norte,32,31,33,
,06017,El Dorado,30,29,31,
,06019,Fresno,30,30,31,
,06021,Glenn,32,31,33,
,06023,Humboldt,31,31,32,
,06025,Imperial,34,33,35,
,06027,Inyo,30,29,31,
,06029,Kern,34,34,35,
,06031,Kings,35,35,36,
,06033,Lake,33,32,34,
,06035,Lassen,32,31,33,
,06037,Los Angeles,35,35,36,
,06039,Madera,32,31,33,
,06041,Marin,30,29,31,
,06043,Mariposa,28,27,29,
,06045,Mendocino,30,30,31,
,06047,Merced,34,33,34,
,06049,Modoc,31,30,32,
,06051,Mono,30,29,31,
,06053,Monterey,32,31,33,
,06055,Napa,28,27,29,
,06057,Nevada,29,28,30,
,06059,Orange,31,30,31,
,06061,Placer,29,28,30,
,06063,Plumas,29,28,30,
,06065,Riverside,36,36,37,
,06067,Sacramento,32,31,32,
,06069,San Benito,31,31,32,
,06071,San Bernardino,36,35,37,
,06073,San Diego,34,33,34,
,06075,San Francisco,32,32,33,
,06077,San Joaquin,35,34,35,
,06079,San Luis Obispo,30,29,30,
,06081,San Mateo,30,30,31,
,06083,Santa Barbara,31,30,31,
,06085,Santa Clara,32,31,32,
,06087,Santa Cruz,29,28,30,
,06089,Shasta,31,30,32,
,06091,Sierra,29,28,30,
,06093,Siskiyou,31,30,32,
,06095,Solano,33,32,33,
,06097,Sonoma,28,27,29,
,06099,Stanislaus,33,33,34,
,06101,Sutter,32,31,32,
,06103,Tehama,32,31,33,
,06105,Trinity,30,29,31,
,06107,Tulare,33,32,34,
,06109,Tuolumne,29,28,30,
,06111,Ventura,27,27,28,
,06113,Yolo,32,31,33,
,06115,Yuba,32,32,33,
Idaho,16001,Ada,28,27,29,
,16003,Adams,32,31,33,
,16005,Bannock,32,31,33,
,16007,Bear Lake,30,29,31,
,16009,Benewah,30,29,31,
,16011,Bingham,34,33,35,
,16013,Blaine,27,27,28,
,16015,Boise,31,29,32,
,16017,Bonner,29,28,30,
,16019,Bonneville,33,32,34,
,16021,Boundary,29,28,30,
,16023,Butte,29,28,30,
,16025,Camas,32,31,33,
,16027,Canyon,33,32,34,
,16029,Caribou,29,28,30,
,16031,Cassia,30,29,31,
,16033,Clark,35,34,36,
,16035,Clearwater,31,30,32,
,16037,Custer,32,31,34,
,16039,Elmore,32,31,33,
,16041,Franklin,31,30,32,
,16043,Fremont,32,31,33,
,16045,Gem,32,31,33,
,16047,Gooding,34,33,35,
,16049,Idaho,31,30,32,
,16051,Jefferson,31,30,32,
,16053,Jerome,34,33,35,
,16055,Kootenai,29,28,30,
,16057,Latah,30,29,31,
,16059,Lemhi,31,30,32,
,16061,Lewis,30,29,31,
,16063,Lincoln,34,33,35,
,16065,Madison,33,32,35,
,16067,Minidoka,31,30,32,
,16069,Nez Perce,28,28,29,
,16071,Oneida,31,30,32,
,16073,Owyhee,34,33,35,
,16075,Payette,31,31,32,
,16077,Power,34,34,35,
,16079,Shoshone,32,31,33,
,16081,Teton,31,30,32,
,16083,Twin Falls,32,31,32,
,16085,Valley,28,27,29,
,16087,Washington,32,31,33,
Nevada,32001,Churchill,32,31,33,
,32003,Clark,38,38,39,
,32005,Douglas,30,29,31,
,32007,Elko,35,35,36,
,32009,Esmeralda,36,34,37,
,32011,Eureka,34,32,35,
,32013,Humboldt,35,34,36,
,32015,Lander,36,35,37,
,32017,Lincoln,34,33,35,
,32019,Lyon,36,35,37,
,32021,Mineral,34,33,35,
,32023,Nye,36,35,36,
,32027,Pershing,36,35,37,
,32029,Storey,30,29,31,
,32031,Washoe,32,31,32,
,32033,White Pine,36,35,37,
,32510,Carson City,32,32,33,
Montana,30001,Beaverhead,27,26,28,
,30003,Big Horn,33,32,33,
,30005,Blaine,34,34,35,
,30007,Broadwater,28,27,29,
,30009,Carbon,27,26,28,
,30011,Carter,28,27,29,
,30013,Cascade,31,30,32,
,30015,Chouteau,31,31,32,
,30017,Custer,28,27,29,
,30019,Daniels,26,25,27,
,30021,Dawson,29,28,30,
,30023,Deer Lodge,30,29,31,
,30025,Fallon,27,26,28,
,30027,Fergus,29,28,30,
,30029,Flathead,31,30,31,
,30031,Gallatin,25,24,26,
,30033,Garfield,27,26,29,
,30035,Glacier,34,33,35,
,30037,Golden Valley,28,27,29,
,30039,Granite,29,28,30,
,30041,Hill,35,34,36,
,30043,Jefferson,28,27,29,
,30045,Judith Basin,27,26,28,
,30047,Lake,30,30,31,
,30049,Lewis and Clark,28,27,29,
,30051,Liberty,29,27,30,
,30053,Lincoln,29,28,30,
,30055,McCone,27,26,28,
,30057,Madison,26,25,27,
,30059,Meagher,29,28,30,
,30061,Mineral,30,29,31,
,30063,Missoula,28,27,29,
,30065,Musselshell,30,29,31,
,30067,Park,28,27,29,
,30069,Petroleum,28,27,30,
,30071,Phillips,28,27,29,
,30073,Pondera,30,29,31,
,30075,Powder River,28,27,29,
,30077,Powell,32,30,33,
,30079,Prairie,28,27,29,
,30081,Ravalli,26,25,27,
,30083,Richland,29,28,30,
,30085,Roosevelt,35,34,35,
,30087,Rosebud,31,31,32,
,30089,Sanders,30,29,31,
,30091,Sheridan,28,26,29,
,30093,Silver Bow,32,31,33,
,30095,Stillwater,27,26,28,
,30097,Sweet Grass,27,26,28,
,30099,Teton,29,28,30,
,30101,Toole,30,29,31,
,30103,Treasure,28,27,29,
,30105,Valley,29,28,30,
,30107,Wheatland,29,28,30,
,30109,Wibaux,27,26,29,
,30111,Yellowstone,28,28,29,
Wyoming,56001,Albany,27,26,28,
,56003,Big Horn,31,30,32,
,56005,Campbell,30,30,31,
,56007,Carbon,31,31,32,
,56009,Converse,30,29,31,
,56011,Crook,29,28,30,
,56013,Fremont,30,30,31,
,56015,Goshen,28,27,29,
,56017,Hot Springs,27,26,28,
,56019,Johnson,28,27,29,
,56021,Laramie,30,29,31,
,56023,Lincoln,30,29,31,
,56025,Natrona,31,30,32,
,56027,Niobrara,31,30,32,
,56029,Park,28,27,28,
,56031,Platte,29,28,30,
,56033,Sheridan,27,26,28,
,56035,Sublette,27,26,27,
,56037,Sweetwater,31,30,32,
,56039,Teton,26,25,27,
,56041,Uinta,30,29,31,
,56043,Washakie,29,28,30,
,56045,Weston,30,29,31,
Utah,49001,Beaver,31,30,32,
,49003,Box Elder,30,29,31,
,49005,Cache,30,29,30,
,49007,Carbon,34,33,35,
,49009,Daggett,29,28,30,
,49011,Davis,31,30,31,
,49013,Duchesne,29,28,30,
,49015,Emery,31,30,32,
,49017,Garfield,29,28,30,
,49019,Grand,29,29,30,
,49021,Iron,31,30,32,
,49023,Juab,29,28,30,
,49025,Kane,29,28,30,
,49027,Millard,29,28,30,
,49029,Morgan,28,27,30,
,49031,Piute,30,29,31,
,49033,Rich,30,29,32,
,49035,Salt Lake,31,31,32,
,49037,San Juan,34,33,35,
,49039,Sanpete,30,30,31,
,49041,Sevier,30,29,31,
,49043,Summit,25,24,26,
,49045,Tooele,33,32,34,
,49047,Uintah,31,30,32,
,49049,Utah,30,30,31,
,49051,Wasatch,31,30,32,
,49053,Washington,30,29,31,
,49055,Wayne,28,27,29,
,49057,Weber,35,34,35,
Arizonna,04001,Apache,38,37,39,
,04003,Cochise,33,32,34,
,04005,Coconino,31,31,32,
,04007,Gila,33,33,34,
,04009,Graham,37,36,37,
,04011,Greenlee,34,34,35,
,04012,La Paz,30,29,31,
,04013,Maricopa,33,32,33,
,04015,Mohave,34,33,35,
,04017,Navajo,35,35,36,
,04019,Pima,31,31,32,
,04021,Pinal,34,33,34,
,04023,Santa Cruz,31,30,31,
,04025,Yavapai,30,29,30,
,04027,Yuma,34,34,35,
Colorado,08001,Adams,32,31,32,
,08003,Alamosa,28,28,29,
,08005,Arapahoe,30,30,31,
,08007,Archuleta,26,25,27,
,08009,Baca,26,25,27,
,08011,Bent,30,30,31,
,08013,Boulder,25,24,25,
,08014,Broomfield,25,25,26,
,08015,Chaffee,27,26,27,
,08017,Cheyenne,26,26,27,
,08019,Clear Creek,26,25,26,
,08021,Conejos,29,28,30,
,08023,Costilla,30,29,31,
,08025,Crowley,31,31,32,
,08027,Custer,26,25,27,
,08029,Delta,27,26,28,
,08031,Denver,28,27,28,
,08033,Dolores,27,26,28,
,08035,Douglas,26,25,27,
,08037,Eagle,24,24,25,
,08039,Elbert,26,25,27,
,08041,El Paso,29,29,30,
,08043,Fremont,30,29,31,
,08045,Garfield,30,29,30,
,08047,Gilpin,26,25,27,
,08049,Grand,26,25,27,
,08051,Gunnison,26,25,27,
,08053,Hinsdale,25,24,26,
,08055,Huerfano,28,28,29,
,08057,Jackson,27,26,28,
,08059,Jefferson,25,24,25,
,08061,Kiowa,26,25,27,
,08063,Kit Carson,30,29,31,
,08065,Lake,27,26,28,
,08067,La Plata,25,24,25,
,08069,Larimer,23,22,23,
,08071,Las Animas,31,30,32,
,08073,Lincoln,28,27,29,
,08075,Logan,28,27,29,
,08077,Mesa,29,28,30,
,08079,Mineral,26,25,27,
,08081,Moffat,29,28,30,
,08083,Montezuma,27,27,28,
,08085,Montrose,27,26,27,
,08087,Morgan,28,27,28,
,08089,Otero,30,30,31,
,08091,Ouray,26,25,27,
,08093,Park,26,25,27,
,08095,Phillips,27,26,28,
,08097,Pitkin,26,25,27,
,08099,Prowers,29,28,30,
,08101,Pueblo,33,33,34,
,08103,Rio Blanco,27,26,27,
,08105,Rio Grande,27,26,27,
,08107,Routt,23,22,24,
,08109,Saguache,31,30,32,
,08111,San Juan,28,27,29,
,08113,San Miguel,26,25,27,
,08115,Sedgwick,26,25,27,
,08117,Summit,25,24,26,
,08119,Teller,26,25,27,
,08121,Washington,25,25,26,
,08123,Weld,30,30,31,
,08125,Yuma,25,24,26,
New Mexico,35001,Bernalillo,32,31,32,
,35003,Catron,29,28,30,
,35005,Chaves,30,29,31,
,35006,Cibola,35,34,35,
,35007,Colfax,31,30,32,
,35009,Curry,33,32,34,
,35011,De Baca,29,28,30,
,35013,Dona Ana,32,31,32,
,35015,Eddy,32,32,33,
,35017,Grant,31,30,31,
,35019,Guadalupe,32,31,33,
,35021,Harding,29,28,30,
,35023,Hidalgo,31,30,32,
,35025,Lea,31,30,31,
,35027,Lincoln,29,28,30,
,35028,Los Alamos,25,25,26,
,35029,Luna,33,32,34,
,35031,McKinley,35,34,35,
,35033,Mora,32,31,33,
,35035,Otero,34,34,35,
,35037,Quay,31,30,32,
,35039,Rio Arriba,35,34,35,
,35041,Roosevelt,33,32,33,
,35043,Sandoval,31,31,32,
,35045,San Juan,33,33,34,
,35047,San Miguel,34,33,35,
,35049,Santa Fe,25,24,25,
,35051,Sierra,31,30,31,
,35053,Socorro,33,32,33,
,35055,Taos,28,27,29,
,35057,Torrance,32,31,33,
,35059,Union,31,30,32,
,35061,Valencia,33,32,34,
North Dakota,38001,Adams,29,28,30,
,38003,Barnes,29,28,30,
,38005,Benson,36,35,37,
,38007,Billings,30,29,31,
,38009,Bottineau,28,27,29,
,38011,Bowman,25,24,26,
,38013,Burke,30,29,31,
,38015,Burleigh,28,27,28,
,38017,Cass,28,27,29,
,38019,Cavalier,27,26,28,
,38021,Dickey,28,27,29,
,38023,Divide,30,29,31,
,38025,Dunn,28,28,29,
,38027,Eddy,28,27,29,
,38029,Emmons,29,27,30,
,38031,Foster,28,27,29,
,38033,Golden Valley,27,26,28,
,38035,Grand Forks,31,30,32,
,38037,Grant,29,28,31,
,38039,Griggs,26,25,27,
,38041,Hettinger,28,27,29,
,38043,Kidder,30,28,31,
,38045,LaMoure,27,26,28,
,38047,Logan,28,27,29,
,38049,McHenry,30,28,31,
,38051,McIntosh,27,26,28,
,38053,McKenzie,31,30,32,
,38055,McLean,27,26,28,
,38057,Mercer,31,30,32,
,38059,Morton,32,31,33,
,38061,Mountrail,33,32,33,
,38063,Nelson,27,26,28,
,38065,Oliver,28,27,29,
,38067,Pembina,29,28,30,
,38069,Pierce,27,26,28,
,38071,Ramsey,30,29,31,
,38073,Ransom,28,27,29,
,38075,Renville,29,28,30,
,38077,Richland,29,28,30,
,38079,Rolette,41,40,42,
,38081,Sargent,27,26,29,
,38083,Sheridan,28,27,29,
,38085,Sioux,41,39,42,
,38087,Slope,27,26,28,
,38089,Stark,28,28,29,
,38091,Steele,28,27,29,
,38093,Stutsman,30,29,31,
,38095,Towner,28,27,29,
,38097,Traill,29,28,30,
,38099,Walsh,29,28,30,
,38101,Ward,29,28,30,
,38103,Wells,26,25,27,
,38105,Williams,32,32,33,
South Dakota,46003,Aurora,25,24,25,
,46005,Beadle,26,25,27,
,46007,Bennett,31,30,32,
,46009,Bon Homme,25,24,26,
,46011,Brookings,25,24,26,
,46013,Brown,28,27,29,
,46015,Brule,27,26,28,
,46017,Buffalo,35,33,36,
,46019,Butte,26,25,27,
,46021,Campbell,25,24,26,
,46023,Charles Mix,28,28,29,
,46025,Clark,25,24,26,
,46027,Clay,28,26,29,
,46029,Codington,24,24,25,
,46031,Corson,32,31,33,
,46033,Custer,24,23,25,
,46035,Davison,25,24,26,
,46037,Day,28,27,29,
,46039,Deuel,25,24,26,
,46041,Dewey,31,30,32,
,46043,Douglas,25,24,26,
,46045,Edmunds,24,23,25,
,46047,Fall River,26,25,27,
,46049,Faulk,25,24,26,
,46051,Grant,26,25,27,
,46053,Gregory,26,25,27,
,46055,Haakon,26,25,27,
,46057,Hamlin,25,24,26,
,46059,Hand,24,23,25,
,46061,Hanson,26,25,27,
,46063,Harding,26,25,27,
,46065,Hughes,26,25,27,
,46067,Hutchinson,24,23,25,
,46069,Hyde,25,24,26,
,46071,Jackson,31,30,32,
,46073,Jerauld,24,23,25,
,46075,Jones,25,24,26,
,46077,Kingsbury,25,24,26,
,46079,Lake,25,24,26,
,46081,Lawrence,25,24,25,
,46083,Lincoln,27,26,28,
,46085,Lyman,29,28,30,
,46087,McCook,25,24,26,
,46089,McPherson,24,23,25,
,46091,Marshall,26,25,27,
,46093,Meade,26,25,26,
,46095,Mellette,31,30,32,
,46097,Miner,25,24,26,
,46099,Minnehaha,26,26,27,
,46101,Moody,28,27,29,
,46103,Pennington,27,26,27,
,46105,Perkins,24,23,25,
,46107,Potter,24,23,25,
,46109,Roberts,29,28,29,
,46111,Sanborn,25,24,26,
,46113,Oglala Lakota,33,32,34,
,46115,Spink,26,25,27,
,46117,Stanley,26,25,27,
,46119,Sully,24,23,25,
,46121,Todd,36,35,37,
,46123,Tripp,26,25,27,
,46125,Turner,24,23,25,
,46127,Union,25,25,26,
,46129,Walworth,24,24,25,
,46135,Yankton,26,25,27,
,46137,Ziebach,34,33,35,
Nebraska,31001,Adams,28,27,28,
,31003,Antelope,28,27,29,
,31005,Arthur,27,26,28,
,31007,Banner,28,27,29,
,31009,Blaine,28,27,29,
,31011,Boone,28,27,29,
,31013,Box Butte,30,29,31,
,31015,Boyd,27,26,28,
,31017,Brown,27,26,28,
,31019,Buffalo,29,28,30,
,31021,Burt,27,26,27,
,31023,Butler,29,28,30,
,31025,Cass,30,30,31,
,31027,Cedar,28,27,29,
,31029,Chase,27,26,28,
,31031,Cherry,27,26,28,
,31033,Cheyenne,28,28,29,
,31035,Clay,29,28,30,
,31037,Colfax,29,28,30,
,31039,Cuming,26,25,26,
,31041,Custer,27,26,28,
,31043,Dakota,31,31,32,
,31045,Dawes,29,28,30,
,31047,Dawson,30,29,31,
,31049,Deuel,29,28,30,
,31051,Dixon,30,29,31,
,31053,Dodge,29,28,29,
,31055,Douglas,31,31,32,
,31057,Dundy,28,27,29,
,31059,Fillmore,29,28,30,
,31061,Franklin,27,26,28,
,31063,Frontier,27,26,28,
,31065,Furnas,27,26,28,
,31067,Gage,28,28,29,
,31069,Garden,28,27,28,
,31071,Garfield,27,26,28,
,31073,Gosper,28,27,29,
,31075,Grant,29,28,31,
,31077,Greeley,30,29,31,
,31079,Hall,30,30,31,
,31081,Hamilton,27,26,28,
,31083,Harlan,26,25,28,
,31085,Hayes,27,26,28,
,31087,Hitchcock,30,29,31,
,31089,Holt,29,29,30,
,31091,Hooker,28,26,29,
,31093,Howard,28,27,29,
,31095,Jefferson,27,26,28,
,31097,Johnson,28,28,29,
,31099,Kearney,28,27,28,
,31101,Keith,29,28,29,
,31103,Keya Paha,27,26,28,
,31105,Kimball,28,27,29,
,31107,Knox,28,27,28,
,31109,Lancaster,29,29,30,
,31111,Lincoln,29,28,29,
,31113,Logan,27,26,28,
,31115,Loup,29,28,30,
,31117,McPherson,28,27,29,
,31119,Madison,31,31,32,
,31121,Merrick,29,29,30,
,31123,Morrill,30,29,31,
,31125,Nance,29,28,30,
,31127,Nemaha,31,30,32,
,31129,Nuckolls,26,25,27,
,31131,Otoe,29,29,30,
,31133,Pawnee,28,27,29,
,31135,Perkins,28,27,29,
,31137,Phelps,32,31,33,
,31139,Pierce,29,28,30,
,31141,Platte,26,26,27,
,31143,Polk,27,26,28,
,31145,Red Willow,29,28,30,
,31147,Richardson,31,30,31,
,31149,Rock,28,27,29,
,31151,Saline,29,28,30,
,31153,Sarpy,31,31,32,
,31155,Saunders,30,29,31,
,31157,Scotts Bluff,33,33,34,
,31159,Seward,26,25,27,
,31161,Sheridan,27,26,27,
,31163,Sherman,27,26,28,
,31165,Sioux,28,27,29,
,31167,Stanton,28,27,29,
,31169,Thayer,27,27,29,
,31171,Thomas,27,26,28,
,31173,Thurston,33,33,34,
,31175,Valley,28,27,29,
,31177,Washington,26,25,27,
,31179,Wayne,26,25,27,
,31181,Webster,29,28,30,
,31183,Wheeler,28,27,29,
,31185,York,30,30,31,
Kansas,20001,Allen,30,29,31,
,20003,Anderson,29,28,30,
,20005,Atchison,32,31,33,
,20007,Barber,29,28,30,
,20009,Barton,31,30,32,
,20011,Bourbon,30,29,31,
,20013,Brown,31,30,32,
,20015,Butler,32,31,33,
,20017,Chase,30,29,31,
,20019,Chautauqua,30,29,31,
,20021,Cherokee,33,32,34,
,20023,Cheyenne,28,27,29,
,20025,Clark,30,29,31,
,20027,Clay,27,26,28,
,20029,Cloud,29,28,30,
,20031,Coffey,30,29,31,
,20033,Comanche,28,27,29,
,20035,Cowley,32,31,32,
,20037,Crawford,32,31,33,
,20039,Decatur,28,27,29,
,20041,Dickinson,28,28,29,
,20043,Doniphan,30,29,31,
,20045,Douglas,27,26,28,
,20047,Edwards,30,29,31,
,20049,Elk,30,29,31,
,20051,Ellis,31,30,33,
,20053,Ellsworth,30,29,31,
,20055,Finney,33,32,33,
,20057,Ford,35,34,36,
,20059,Franklin,32,31,33,
,20061,Geary,36,35,36,
,20063,Gove,28,27,29,
,20065,Graham,29,28,30,
,20067,Grant,31,30,32,
,20069,Gray,28,28,30,
,20071,Greeley,28,27,29,
,20073,Greenwood,31,30,32,
,20075,Hamilton,31,31,32,
,20077,Harper,28,27,29,
,20079,Harvey,29,29,30,
,20081,Haskell,30,29,31,
,20083,Hodgeman,29,27,30,
,20085,Jackson,28,27,28,
,20087,Jefferson,31,30,32,
,20089,Jewell,29,28,30,
,20091,Johnson,26,26,27,
,20093,Kearny,30,29,31,
,20095,Kingman,30,29,31,
,20097,Kiowa,30,29,31,
,20099,Labette,30,29,31,
,20101,Lane,28,27,29,
,20103,Leavenworth,31,30,32,
,20105,Lincoln,28,27,29,
,20107,Linn,30,29,31,
,20109,Logan,29,28,30,
,20111,Lyon,30,29,31,
,20113,McPherson,29,28,30,
,20115,Marion,28,27,29,
,20117,Marshall,29,28,30,
,20119,Meade,29,28,30,
,20121,Miami,29,28,30,
,20123,Mitchell,28,27,29,
,20125,Montgomery,35,34,36,
,20127,Morris,28,27,29,
,20129,Morton,30,30,31,
,20131,Nemaha,29,28,30,
,20133,Neosho,31,30,32,
,20135,Ness,30,28,31,
,20137,Norton,30,29,32,
,20139,Osage,29,28,30,
,20141,Osborne,29,28,30,
,20143,Ottawa,28,27,29,
,20145,Pawnee,32,31,33,
,20147,Phillips,29,28,30,
,20149,Pottawatomie,28,27,29,
,20151,Pratt,29,28,30,
,20153,Rawlins,29,28,30,
,20155,Reno,34,33,34,
,20157,Republic,30,29,31,
,20159,Rice,28,27,29,
,20161,Riley,31,30,33,
,20163,Rooks,28,27,29,
,20165,Rush,29,28,30,
,20167,Russell,30,29,31,
,20169,Saline,33,32,34,
,20171,Scott,30,29,31,
,20173,Sedgwick,31,30,31,
,20175,Seward,32,31,33,
,20177,Shawnee,29,28,29,
,20179,Sheridan,29,27,30,
,20181,Sherman,29,28,30,
,20183,Smith,29,28,30,
,20185,Stafford,29,28,30,
,20187,Stanton,31,30,32,
,20189,Stevens,31,30,31,
,20191,Sumner,35,34,36,
,20193,Thomas,28,27,29,
,20195,Trego,28,27,29,
,20197,Wabaunsee,29,28,30,
,20199,Wallace,29,28,30,
,20201,Washington,29,28,30,
,20203,Wichita,30,29,31,
,20205,Wilson,32,31,33,
,20207,Woodson,29,28,31,
,20209,Wyandotte,35,35,36,
Oklahoma,40001,Adair,41,41,42,
,40003,Alfalfa,34,33,35,
,40005,Atoka,36,35,37,
,40007,Beaver,32,31,33,
,40009,Beckham,32,31,33,
,40011,Blaine,32,31,33,
,40013,Bryan,35,35,36,
,40015,Caddo,36,35,37,
,40017,Canadian,31,30,32,
,40019,Carter,36,35,36,
,40021,Cherokee,38,37,39,
,40023,Choctaw,37,36,38,
,40025,Cimarron,32,31,34,
,40027,Cleveland,34,33,34,
,40029,Coal,35,34,36,
,40031,Comanche,38,37,39,
,40033,Cotton,36,35,37,
,40035,Craig,34,33,34,
,40037,Creek,35,34,36,
,40039,Custer,33,32,34,
,40041,Delaware,36,35,37,
,40043,Dewey,32,31,33,
,40045,Ellis,32,31,33,
,40047,Garfield,35,34,36,
,40049,Garvin,32,31,33,
,40051,Grady,34,33,35,
,40053,Grant,30,29,31,
,40055,Greer,34,33,35,
,40057,Harmon,35,34,35,
,40059,Harper,34,33,35,
,40061,Haskell,35,34,36,
,40063,Hughes,36,35,36,
,40065,Jackson,37,36,38,
,40067,Jefferson,35,34,36,
,40069,Johnston,36,35,36,
,40071,Kay,36,35,36,
,40073,Kingfisher,30,29,31,
,40075,Kiowa,36,35,37,
,40077,Latimer,33,32,34,
,40079,Le Flore,36,35,37,
,40081,Lincoln,33,32,34,
,40083,Logan,36,35,37,
,40085,Love,32,31,33,
,40087,McClain,33,32,34,
,40089,McCurtain,35,34,36,
,40091,McIntosh,35,34,36,
,40093,Major,30,29,31,
,40095,Marshall,32,31,33,
,40097,Mayes,35,34,36,
,40099,Murray,34,33,35,
,40101,Muskogee,38,37,39,
,40103,Noble,32,31,33,
,40105,Nowata,34,33,35,
,40107,Okfuskee,37,36,38,
,40109,Oklahoma,35,35,36,
,40111,Okmulgee,36,35,36,
,40113,Osage,33,32,34,
,40115,Ottawa,37,36,38,
,40117,Pawnee,35,34,36,
,40119,Payne,30,29,32,
,40121,Pittsburg,36,35,36,
,40123,Pontotoc,36,35,37,
,40125,Pottawatomie,34,33,34,
,40127,Pushmataha,34,33,35,
,40129,Roger Mills,32,31,33,
,40131,Rogers,32,31,33,
,40133,Seminole,38,37,38,
,40135,Sequoyah,37,36,38,
,40137,Stephens,34,33,35,
,40139,Texas,38,37,38,
,40141,Tillman,36,35,36,
,40143,Tulsa,35,34,35,
,40145,Wagoner,34,33,35,
,40147,Washington,34,33,35,
,40149,Washita,33,32,34,
,40151,Woods,32,31,33,
,40153,Woodward,32,31,33,
Texas,48001,Anderson,36,35,37,
,48003,Andrews,32,31,33,
,48005,Angelina,35,35,36,
,48007,Aransas,30,29,31,
,48009,Archer,29,28,30,
,48011,Armstrong,28,27,29,
,48013,Atascosa,35,34,36,
,48015,Austin,30,29,31,
,48017,Bailey,34,33,35,
,48019,Bandera,30,29,31,
,48021,Bastrop,32,31,32,
,48023,Baylor,29,28,30,
,48025,Bee,34,33,35,
,48027,Bell,35,34,36,
,48029,Bexar,36,35,36,
,48031,Blanco,29,28,30,
,48033,Borden,28,27,29,
,48035,Bosque,29,28,30,
,48037,Bowie,35,34,36,
,48039,Brazoria,31,30,32,
,48041,Brazos,30,30,31,
,48043,Brewster,32,31,33,
,48045,Briscoe,31,30,32,
,48047,Brooks,36,35,38,
,48049,Brown,31,30,32,
,48051,Burleson,33,32,34,
,48053,Burnet,30,29,31,
,48055,Caldwell,32,31,33,
,48057,Calhoun,33,32,34,
,48059,Callahan,30,29,31,
,48061,Cameron,35,34,36,
,48063,Camp,34,33,34,
,48065,Carson,29,28,30,
,48067,Cass,33,32,34,
,48069,Castro,33,32,34,
,48071,Chambers,32,31,33,
,48073,Cherokee,34,33,35,
,48075,Childress,32,32,33,
,48077,Clay,29,28,30,
,48079,Cochran,34,33,35,
,48081,Coke,29,28,30,
,48083,Coleman,31,30,32,
,48085,Collin,33,32,34,
,48087,Collingsworth,33,32,33,
,48089,Colorado,32,31,33,
,48091,Comal,29,28,29,
,48093,Comanche,31,30,32,
,48095,Concho,32,31,34,
,48097,Cooke,30,29,31,
,48099,Coryell,34,33,35,
,48101,Cottle,31,30,32,
,48103,Crane,31,31,32,
,48105,Crockett,31,30,32,
,48107,Crosby,33,32,34,
,48109,Culberson,35,35,36,
,48111,Dallam,32,31,33,
,48113,Dallas,34,33,34,
,48115,Dawson,33,32,34,
,48117,Deaf Smith,34,33,35,
,48119,Delta,31,30,32,
,48121,Denton,31,30,32,
,48123,DeWitt,31,31,32,
,48125,Dickens,31,30,32,
,48127,Dimmit,34,33,35,
,48129,Donley,30,29,31,
,48131,Duval,34,33,35,
,48133,Eastland,31,30,32,
,48135,Ector,35,34,35,
,48137,Edwards,31,30,32,
,48139,Ellis,30,29,30,
,48141,El Paso,34,33,35,
,48143,Erath,31,30,32,
,48145,Falls,36,35,36,
,48147,Fannin,32,31,33,
,48149,Fayette,28,27,29,
,48151,Fisher,30,29,31,
,48153,Floyd,33,32,33,
,48155,Foard,30,29,31,
,48157,Fort Bend,35,34,35,
,48159,Franklin,30,29,31,
,48161,Freestone,33,32,33,
,48163,Frio,36,34,37,
,48165,Gaines,32,31,33,
,48167,Galveston,32,31,33,
,48169,Garza,33,32,34,
,48171,Gillespie,28,27,28,
,48173,Glasscock,30,29,31,
,48175,Goliad,31,30,31,
,48177,Gonzales,34,33,35,
,48179,Gray,33,33,34,
,48181,Grayson,32,31,33,
,48183,Gregg,34,33,34,
,48185,Grimes,34,33,35,
,48187,Guadalupe,33,33,34,
,48189,Hale,36,35,36,
,48191,Hall,32,32,33,
,48193,Hamilton,28,27,30,
,48195,Hansford,32,31,33,
,48197,Hardeman,32,32,33,
,48199,Hardin,31,30,32,
,48201,Harris,35,34,35,
,48203,Harrison,34,33,35,
,48205,Hartley,32,31,33,
,48207,Haskell,31,30,32,
,48209,Hays,31,30,32,
,48211,Hemphill,31,30,32,
,48213,Henderson,32,31,33,
,48215,Hidalgo,32,31,33,
,48217,Hill,32,31,33,
,48219,Hockley,32,31,33,
,48221,Hood,28,27,29,
,48223,Hopkins,32,31,33,
,48225,Houston,35,34,35,
,48227,Howard,32,31,33,
,48229,Hudspeth,36,35,37,
,48231,Hunt,32,31,33,
,48233,Hutchinson,31,30,32,
,48235,Irion,30,29,31,
,48237,Jack,32,31,33,
,48239,Jackson,31,30,32,
,48241,Jasper,32,31,33,
,48243,Jeff Davis,30,29,31,
,48245,Jefferson,35,34,36,
,48247,Jim Hogg,34,33,35,
,48249,Jim Wells,33,32,34,
,48251,Johnson,32,32,33,
,48253,Jones,34,33,35,
,48255,Karnes,35,34,36,
,48257,Kaufman,32,31,33,
,48259,Kendall,28,27,29,
,48261,Kenedy,34,33,35,
,48263,Kent,29,28,30,
,48265,Kerr,28,27,29,
,48267,Kimble,30,29,31,
,48269,King,30,29,31,
,48271,Kinney,33,32,34,
,48273,Kleberg,34,33,35,
,48275,Knox,31,31,32,
,48277,Lamar,32,31,33,
,48279,Lamb,33,33,34,
,48281,Lampasas,31,30,32,
,48283,La Salle,35,34,36,
,48285,Lavaca,30,29,31,
,48287,Lee,32,31,32,
,48289,Leon,30,30,31,
,48291,Liberty,33,32,34,
,48293,Limestone,34,34,35,
,48295,Lipscomb,30,29,31,
,48297,Live Oak,32,31,32,
,48299,Llano,29,27,30,
,48301,Loving,34,33,35,
,48303,Lubbock,32,31,33,
,48305,Lynn,32,31,33,
,48307,McCulloch,31,30,32,
,48309,McLennan,32,31,33,
,48311,McMullen,32,31,32,
,48313,Madison,34,34,35,
,48315,Marion,33,32,34,
,48317,Martin,32,31,33,
,48319,Mason,28,28,29,
,48321,Matagorda,34,33,35,
,48323,Maverick,37,36,38,
,48325,Medina,32,32,33,
,48327,Menard,30,29,31,
,48329,Midland,32,32,33,
,48331,Milam,33,32,33,
,48333,Mills,29,28,30,
,48335,Mitchell,33,32,33,
,48337,Montague,29,28,30,
,48339,Montgomery,32,32,33,
,48341,Moore,33,32,34,
,48343,Morris,32,32,33,
,48345,Motley,31,30,32,
,48347,Nacogdoches,32,32,33,
,48349,Navarro,32,31,33,
,48351,Newton,33,32,34,
,48353,Nolan,32,31,32,
,48355,Nueces,34,34,35,
,48357,Ochiltree,32,31,33,
,48359,Oldham,31,30,32,
,48361,Orange,31,30,32,
,48363,Palo Pinto,31,30,32,
,48365,Panola,33,33,34,
,48367,Parker,29,28,30,
,48369,Parmer,32,31,32,
,48371,Pecos,34,33,35,
,48373,Polk,33,32,34,
,48375,Potter,34,33,34,
,48377,Presidio,34,33,35,
,48379,Rains,29,28,30,
,48381,Randall,29,28,29,
,48383,Reagan,33,32,34,
,48385,Real,30,29,31,
,48387,Red River,33,32,34,
,48389,Reeves,34,33,35,
,48391,Refugio,32,31,33,
,48393,Roberts,28,28,29,
,48395,Robertson,34,33,35,
,48397,Rockwall,31,30,32,
,48399,Runnels,31,30,32,
,48401,Rusk,32,31,33,
,48403,Sabine,31,30,32,
,48405,San Augustine,33,32,34,
,48407,San Jacinto,31,30,32,
,48409,San Patricio,32,31,33,
,48411,San Saba,31,30,32,
,48413,Schleicher,32,31,33,
,48415,Scurry,32,31,33,
,48417,Shackelford,30,29,31,
,48419,Shelby,35,34,35,
,48421,Sherman,32,31,32,
,48423,Smith,33,32,34,
,48425,Somervell,30,29,31,
,48427,Starr,39,37,40,
,48429,Stephens,32,31,33,
,48431,Sterling,32,31,33,
,48433,Stonewall,30,30,31,
,48435,Sutton,31,30,32,
,48437,Swisher,33,32,33,
,48439,Tarrant,34,33,34,
,48441,Taylor,33,32,34,
,48443,Terrell,31,30,32,
,48445,Terry,32,31,33,
,48447,Throckmorton,29,28,29,
,48449,Titus,33,32,34,
,48451,Tom Green,32,31,32,
,48453,Travis,29,28,29,
,48455,Trinity,31,30,32,
,48457,Tyler,30,29,31,
,48459,Upshur,32,31,33,
,48461,Upton,33,32,34,
,48463,Uvalde,34,33,35,
,48465,Val Verde,34,33,35,
,48467,Van Zandt,29,28,30,
,48469,Victoria,32,31,33,
,48471,Walker,34,34,35,
,48473,Waller,37,36,38,
,48475,Ward,33,32,34,
,48477,Washington,30,30,31,
,48479,Webb,33,32,34,
,48481,Wharton,34,33,35,
,48483,Wheeler,30,29,31,
,48485,Wichita,31,31,32,
,48487,Wilbarger,32,31,33,
,48489,Willacy,36,35,38,
,48491,Williamson,29,29,30,
,48493,Wilson,31,30,32,
,48495,Winkler,33,32,34,
,48497,Wise,30,29,31,
,48499,Wood,30,29,31,
,48501,Yoakum,32,31,33,
,48503,Young,30,29,31,
,48505,Zapata,37,36,38,
,48507,Zavala,36,35,38,
Minnesota,27001,Aitkin,28,27,29,
,27003,Anoka,29,28,29,
,27005,Becker,26,26,27,
,27007,Beltrami,28,27,28,
,27009,Benton,26,25,27,
,27011,Big Stone,26,25,27,
,27013,Blue Earth,27,26,28,
,27015,Brown,27,26,28,
,27017,Carlton,29,28,29,
,27019,Carver,27,26,28,
,27021,Cass,29,28,30,
,27023,Chippewa,28,27,29,
,27025,Chisago,27,26,28,
,27027,Clay,25,24,26,
,27029,Clearwater,29,28,30,
,27031,Cook,27,26,28,
,27033,Cottonwood,27,27,28,
,27035,Crow Wing,27,26,28,
,27037,Dakota,30,29,30,
,27039,Dodge,27,26,28,
,27041,Douglas,25,24,26,
,27043,Faribault,26,25,27,
,27045,Fillmore,27,26,28,
,27047,Freeborn,25,25,26,
,27049,Goodhue,28,27,29,
,27051,Grant,27,25,28,
,27053,Hennepin,29,28,29,
,27055,Houston,26,25,27,
,27057,Hubbard,27,26,28,
,27059,Isanti,28,27,29,
,27061,Itasca,27,26,27,
,27063,Jackson,26,25,28,
,27065,Kanabec,29,28,30,
,27067,Kandiyohi,27,26,28,
,27069,Kittson,26,25,27,
,27071,Koochiching,28,27,29,
,27073,Lac qui Parle,25,24,26,
,27075,Lake,26,25,27,
,27077,Lake of the Woods,27,26,28,
,27079,Le Sueur,26,25,27,
,27081,Lincoln,25,24,26,
,27083,Lyon,27,26,28,
,27085,McLeod,27,26,28,
,27087,Mahnomen,32,31,33,
,27089,Marshall,27,26,28,
,27091,Martin,25,24,26,
,27093,Meeker,27,26,28,
,27095,Mille Lacs,29,28,30,
,27097,Morrison,26,25,27,
,27099,Mower,27,26,28,
,27101,Murray,26,25,27,
,27103,Nicollet,26,25,27,
,27105,Nobles,29,28,30,
,27107,Norman,26,25,27,
,27109,Olmsted,29,28,29,
,27111,Otter Tail,26,25,27,
,27113,Pennington,27,26,28,
,27115,Pine,30,29,31,
,27117,Pipestone,27,26,28,
,27119,Polk,30,29,31,
,27121,Pope,27,26,28,
,27123,Ramsey,29,28,29,
,27125,Red Lake,27,26,28,
,27127,Redwood,28,27,29,
,27129,Renville,26,25,27,
,27131,Rice,26,25,27,
,27133,Rock,26,25,27,
,27135,Roseau,28,27,29,
,27137,St. Louis,29,29,30,
,27139,Scott,25,24,26,
,27141,Sherburne,29,28,30,
,27143,Sibley,26,25,27,
,27145,Stearns,26,25,27,
,27147,Steele,26,26,27,
,27149,Stevens,26,25,27,
,27151,Swift,27,26,28,
,27153,Todd,29,28,30,
,27155,Traverse,26,25,27,
,27157,Wabasha,27,26,28,
,27159,Wadena,27,26,28,
,27161,Waseca,27,26,28,
,27163,Washington,29,28,30,
,27165,Watonwan,28,27,29,
,27167,Wilkin,27,26,28,
,27169,Winona,29,28,30,
,27171,Wright,28,28,29,
,27173,Yellow Medicine,27,26,28,
Iowa,19001,Adair,26,25,27,
,19003,Adams,26,25,27,
,19005,Allamakee,27,26,28,
,19007,Appanoose,27,26,28,
,19009,Audubon,28,27,29,
,19011,Benton,28,27,29,
,19013,Black Hawk,31,30,32,
,19015,Boone,27,26,28,
,19017,Bremer,26,25,28,
,19019,Buchanan,28,27,29,
,19021,Buena Vista,27,26,28,
,19023,Butler,27,26,28,
,19025,Calhoun,29,28,30,
,19027,Carroll,27,26,28,
,19029,Cass,26,25,27,
,19031,Cedar,27,26,28,
,19033,Cerro Gordo,29,28,30,
,19035,Cherokee,27,26,28,
,19037,Chickasaw,27,26,28,
,19039,Clarke,31,30,32,
,19041,Clay,28,27,29,
,19043,Clayton,27,26,28,
,19045,Clinton,30,29,31,
,19047,Crawford,30,29,30,
,19049,Dallas,27,26,27,
,19051,Davis,30,28,31,
,19053,Decatur,28,27,29,
,19055,Delaware,28,27,29,
,19057,Des Moines,31,30,32,
,19059,Dickinson,26,25,27,
,19061,Dubuque,28,27,29,
,19063,Emmet,28,27,30,
,19065,Fayette,26,25,27,
,19067,Floyd,28,27,29,
,19069,Franklin,27,26,28,
,19071,Fremont,29,28,30,
,19073,Greene,27,26,29,
,19075,Grundy,27,26,28,
,19077,Guthrie,26,25,27,
,19079,Hamilton,29,28,30,
,19081,Hancock,26,25,27,
,19083,Hardin,26,25,27,
,19085,Harrison,28,27,29,
,19087,Henry,27,27,28,
,19089,Howard,29,28,30,
,19091,Humboldt,27,26,28,
,19093,Ida,27,26,28,
,19095,Iowa,27,26,28,
,19097,Jackson,29,28,30,
,19099,Jasper,29,28,30,
,19101,Jefferson,28,27,28,
,19103,Johnson,27,26,28,
,19105,Jones,28,27,29,
,19107,Keokuk,29,28,30,
,19109,Kossuth,25,24,26,
,19111,Lee,30,29,31,
,19113,Linn,28,27,28,
,19115,Louisa,29,28,30,
,19117,Lucas,27,26,28,
,19119,Lyon,28,27,29,
,19121,Madison,27,26,28,
,19123,Mahaska,29,28,30,
,19125,Marion,27,26,27,
,19127,Marshall,28,27,29,
,19129,Mills,27,26,28,
,19131,Mitchell,27,26,28,
,19133,Monona,28,27,29,
,19135,Monroe,27,26,28,
,19137,Montgomery,29,28,30,
,19139,Muscatine,32,31,32,
,19141,O'Brien,26,25,27,
,19143,Osceola,28,27,30,
,19145,Page,28,27,29,
,19147,Palo Alto,28,27,29,
,19149,Plymouth,30,29,31,
,19151,Pocahontas,27,26,28,
,19153,Polk,29,28,29,
,19155,Pottawattamie,29,28,30,
,19157,Poweshiek,28,27,29,
,19159,Ringgold,27,26,28,
,19161,Sac,26,25,27,
,19163,Scott,32,31,32,
,19165,Shelby,27,26,28,
,19167,Sioux,24,24,25,
,19169,Story,28,27,29,
,19171,Tama,28,27,29,
,19173,Taylor,28,27,29,
,19175,Union,27,26,28,
,19177,Van Buren,27,26,28,
,19179,Wapello,33,32,34,
,19181,Warren,25,24,26,
,19183,Washington,26,25,27,
,19185,Wayne,28,27,29,
,19187,Webster,31,30,32,
,19189,Winnebago,26,25,27,
,19191,Winneshiek,27,26,28,
,19193,Woodbury,32,31,33,
,19195,Worth,27,26,28,
,19197,Wright,27,26,28,
Missouri,29001,Adair,33,32,34,
,29003,Andrew,30,29,32,
,29005,Atchison,29,28,31,
,29007,Audrain,32,31,33,
,29009,Barry,33,32,34,
,29011,Barton,34,33,35,
,29013,Bates,33,32,34,
,29015,Benton,31,30,32,
,29017,Bollinger,33,32,34,
,29019,Boone,29,28,30,
,29021,Buchanan,37,36,38,
,29023,Butler,34,33,35,
,29025,Caldwell,32,31,33,
,29027,Callaway,32,31,33,
,29029,Camden,28,27,29,
,29031,Cape Girardeau,34,33,35,
,29033,Carroll,34,33,35,
,29035,Carter,33,32,34,
,29037,Cass,32,31,33,
,29039,Cedar,33,32,34,
,29041,Chariton,31,30,33,
,29043,Christian,30,29,31,
,29045,Clark,33,31,34,
,29047,Clay,31,31,32,
,29049,Clinton,31,30,32,
,29051,Cole,30,29,30,
,29053,Cooper,33,32,34,
,29055,Crawford,33,32,34,
,29057,Dade,32,31,33,
,29059,Dallas,33,31,34,
,29061,Daviess,33,31,34,
,29063,DeKalb,34,33,35,
,29065,Dent,33,32,34,
,29067,Douglas,34,33,35,
,29069,Dunklin,33,32,34,
,29071,Franklin,31,30,32,
,29073,Gasconade,33,32,34,
,29075,Gentry,30,29,31,
,29077,Greene,32,31,33,
,29079,Grundy,31,30,33,
,29081,Harrison,32,31,33,
,29083,Henry,32,31,33,
,29085,Hickory,32,31,33,
,29087,Holt,31,29,32,
,29089,Howard,32,31,33,
,29091,Howell,34,33,35,
,29093,Iron,33,32,34,
,29095,Jackson,34,33,34,
,29097,Jasper,32,31,33,
,29099,Jefferson,33,32,34,
,29101,Johnson,33,32,34,
,29103,Knox,32,31,33,
,29105,Laclede,33,32,34,
,29107,Lafayette,32,31,34,
,29109,Lawrence,32,31,33,
,29111,Lewis,31,30,32,
,29113,Lincoln,33,32,34,
,29115,Linn,31,30,32,
,29117,Livingston,32,31,33,
,29119,McDonald,35,34,36,
,29121,Macon,33,32,34,
,29123,Madison,33,32,34,
,29125,Maries,31,30,32,
,29127,Marion,32,31,33,
,29129,Mercer,32,31,33,
,29131,Miller,33,32,35,
,29133,Mississippi,37,36,38,
,29135,Moniteau,32,31,33,
,29137,Monroe,31,30,32,
,29139,Montgomery,33,32,34,
,29141,Morgan,32,31,33,
,29143,New Madrid,35,34,36,
,29145,Newton,32,31,33,
,29147,Nodaway,31,29,32,
,29149,Oregon,34,33,35,
,29151,Osage,30,29,32,
,29153,Ozark,32,31,34,
,29155,Pemiscot,38,37,39,
,29157,Perry,31,30,33,
,29159,Pettis,32,31,34,
,29161,Phelps,33,32,34,
,29163,Pike,35,34,36,
,29165,Platte,32,31,33,
,29167,Polk,31,30,32,
,29169,Pulaski,35,34,36,
,29171,Putnam,32,31,33,
,29173,Ralls,33,31,34,
,29175,Randolph,38,37,39,
,29177,Ray,32,31,33,
,29179,Reynolds,32,31,33,
,29181,Ripley,34,33,35,
,29183,St. Charles,32,31,33,
,29185,St. Clair,31,30,32,
,29186,Ste. Genevieve,31,30,32,
,29187,St. Francois,36,35,37,
,29189,St. Louis,33,32,33,
,29195,Saline,32,31,33,
,29197,Schuyler,32,31,33,
,29199,Scotland,30,29,31,
,29201,Scott,33,32,34,
,29203,Shannon,33,32,34,
,29205,Shelby,31,30,33,
,29207,Stoddard,31,30,32,
,29209,Stone,32,31,33,
,29211,Sullivan,33,32,34,
,29213,Taney,32,31,33,
,29215,Texas,33,32,34,
,29217,Vernon,32,30,33,
,29219,Warren,33,31,34,
,29221,Washington,35,33,36,
,29223,Wayne,33,32,34,
,29225,Webster,32,30,33,
,29227,Worth,30,29,31,
,29229,Wright,35,33,36,
,29510,St. Louis City,39,38,39,
Arkansas,05001,Arkansas,35,34,36,
,05003,Ashley,38,37,38,
,05005,Baxter,32,31,33,
,05007,Benton,32,31,32,
,05009,Boone,33,32,34,
,05011,Bradley,39,38,40,
,05013,Calhoun,35,34,36,
,05015,Carroll,32,31,33,
,05017,Chicot,41,41,42,
,05019,Clark,37,35,38,
,05021,Clay,34,33,35,
,05023,Cleburne,31,30,32,
,05025,Cleveland,33,32,34,
,05027,Columbia,39,38,40,
,05029,Conway,34,33,35,
,05031,Craighead,35,34,36,
,05033,Crawford,33,32,34,
,05035,Crittenden,39,38,40,
,05037,Cross,36,35,37,
,05039,Dallas,37,36,38,
,05041,Desha,38,37,39,
,05043,Drew,37,36,38,
,05045,Faulkner,35,34,36,
,05047,Franklin,34,33,35,
,05049,Fulton,32,31,33,
,05051,Garland,34,33,35,
,05053,Grant,33,32,34,
,05055,Greene,33,32,35,
,05057,Hempstead,37,36,38,
,05059,Hot Spring,34,33,35,
,05061,Howard,36,35,37,
,05063,Independence,33,32,35,
,05065,Izard,34,33,35,
,05067,Jackson,36,35,37,
,05069,Jefferson,41,41,42,
,05071,Johnson,33,32,34,
,05073,Lafayette,36,35,37,
,05075,Lawrence,34,33,35,
,05077,Lee,40,39,41,
,05079,Lincoln,39,38,40,
,05081,Little River,35,35,36,
,05083,Logan,34,33,35,
,05085,Lonoke,32,31,33,
,05087,Madison,35,34,36,
,05089,Marion,33,32,34,
,05091,Miller,36,35,37,
,05093,Mississippi,40,39,41,
,05095,Monroe,38,37,39,
,05097,Montgomery,31,30,33,
,05099,Nevada,38,37,39,
,05101,Newton,32,31,33,
,05103,Ouachita,36,35,36,
,05105,Perry,34,33,35,
,05107,Phillips,40,39,41,
,05109,Pike,34,33,35,
,05111,Poinsett,33,32,34,
,05113,Polk,34,32,35,
,05115,Pope,32,31,33,
,05117,Prairie,35,34,36,
,05119,Pulaski,35,35,36,
,05121,Randolph,34,33,36,
,05123,St. Francis,39,38,40,
,05125,Saline,34,33,34,
,05127,Scott,35,34,36,
,05129,Searcy,34,32,35,
,05131,Sebastian,36,36,37,
,05133,Sevier,33,32,34,
,05135,Sharp,32,31,33,
,05137,Stone,32,31,34,
,05139,Union,36,35,37,
,05141,Van Buren,35,34,36,
,05143,Washington,34,33,35,
,05145,White,34,33,35,
,05147,Woodruff,36,35,37,
,05149,Yell,33,32,34,
Louisiana,22001,Acadia,35,34,36,
,22003,Allen,35,34,36,
,22005,Ascension,33,32,34,
,22007,Assumption,33,32,34,
,22009,Avoyelles,38,37,39,
,22011,Beauregard,35,35,36,
,22013,Bienville,38,37,39,
,22015,Bossier,34,33,35,
,22017,Caddo,39,38,39,
,22019,Calcasieu,34,34,35,
,22021,Caldwell,35,34,36,
,22023,Cameron,33,31,34,
,22025,Catahoula,36,35,37,
,22027,Claiborne,39,38,40,
,22029,Concordia,36,35,36,
,22031,De Soto,38,37,39,
,22033,East Baton Rouge,33,33,34,
,22035,East Carroll,44,43,45,
,22037,East Feliciana,38,37,39,
,22039,Evangeline,35,34,36,
,22041,Franklin,35,34,36,
,22043,Grant,33,32,34,
,22045,Iberia,36,35,37,
,22047,Iberville,38,37,39,
,22049,Jackson,37,36,38,
,22051,Jefferson,37,36,37,
,22053,Jefferson Davis,34,33,35,
,22055,Lafayette,34,33,34,
,22057,Lafourche,33,32,33,
,22059,La Salle,34,33,35,
,22061,Lincoln,37,36,38,
,22063,Livingston,35,34,36,
,22065,Madison,41,40,42,
,22067,Morehouse,39,39,40,
,22069,Natchitoches,39,38,39,
,22071,Orleans,38,37,39,
,22073,Ouachita,34,33,35,
,22075,Plaquemines,32,32,33,
,22077,Pointe Coupee,35,34,36,
,22079,Rapides,37,36,37,
,22081,Red River,37,36,38,
,22083,Richland,36,35,37,
,22085,Sabine,35,34,36,
,22087,St. Bernard,36,35,37,
,22089,St. Charles,35,34,36,
,22091,St. Helena,39,38,40,
,22093,St. James,37,36,37,
,22095,St. John the Baptist,38,37,39,
,22097,St. Landry,38,38,39,
,22099,St. Martin,33,32,34,
,22101,St. Mary,36,35,37,
,22103,St. Tammany,32,31,33,
,22105,Tangipahoa,36,36,37,
,22107,Tensas,40,39,41,
,22109,Terrebonne,37,36,38,
,22111,Union,34,33,35,
,22113,Vermilion,34,33,35,
,22115,Vernon,34,33,35,
,22117,Washington,36,36,37,
,22119,Webster,38,37,39,
,22121,West Baton Rouge,36,35,36,
,22123,West Carroll,34,33,35,
,22125,West Feliciana,40,38,41,
,22127,Winn,39,38,40,
Wisconsin,55001,Adams,29,28,30,
,55003,Ashland,30,29,31,
,55005,Barron,30,29,31,
,55007,Bayfield,28,27,28,
,55009,Brown,29,29,30,
,55011,Buffalo,29,28,30,
,55013,Burnett,29,28,30,
,55015,Calumet,30,29,31,
,55017,Chippewa,30,29,31,
,55019,Clark,29,28,31,
,55021,Columbia,32,31,33,
,55023,Crawford,30,29,32,
,55025,Dane,30,29,30,
,55027,Dodge,31,30,32,
,55029,Door,28,27,29,
,55031,Douglas,31,30,32,
,55033,Dunn,31,30,33,
,55035,Eau Claire,28,27,29,
,55037,Florence,30,28,31,
,55039,Fond du Lac,27,26,28,
,55041,Forest,31,30,32,
,55043,Grant,29,28,30,
,55045,Green,30,29,31,
,55047,Green Lake,30,29,31,
,55049,Iowa,29,28,30,
,55051,Iron,32,31,33,
,55053,Jackson,31,30,32,
,55055,Jefferson,31,30,32,
,55057,Juneau,33,32,34,
,55059,Kenosha,32,31,33,
,55061,Kewaunee,30,29,31,
,55063,La Crosse,31,30,32,
,55065,Lafayette,29,28,30,
,55067,Langlade,29,28,30,
,55069,Lincoln,32,30,33,
,55071,Manitowoc,29,28,30,
,55073,Marathon,28,27,29,
,55075,Marinette,29,28,30,
,55077,Marquette,29,28,30,
,55078,Menominee,39,37,40,
,55079,Milwaukee,38,37,38,
,55081,Monroe,30,29,31,
,55083,Oconto,30,29,31,
,55085,Oneida,27,26,28,
,55087,Outagamie,26,26,27,
,55089,Ozaukee,28,27,29,
,55091,Pepin,29,28,30,
,55093,Pierce,29,28,30,
,55095,Polk,29,28,30,
,55097,Portage,30,29,31,
,55099,Price,30,29,31,
,55101,Racine,33,32,34,
,55103,Richland,28,27,29,
,55105,Rock,31,30,32,
,55107,Rusk,29,28,30,
,55109,St. Croix,32,31,33,
,55111,Sauk,31,30,32,
,55113,Sawyer,33,32,34,
,55115,Shawano,31,30,32,
,55117,Sheboygan,29,28,30,
,55119,Taylor,32,31,33,
,55121,Trempealeau,30,29,31,
,55123,Vernon,28,27,29,
,55125,Vilas,29,28,30,
,55127,Walworth,30,29,31,
,55129,Washburn,30,29,31,
,55131,Washington,28,27,29,
,55133,Waukesha,27,26,28,
,55135,Waupaca,29,28,30,
,55137,Waushara,31,30,32,
,55139,Winnebago,27,26,28,
,55141,Wood,30,29,31,
Illinois,17001,Adams,33,32,34,
,17003,Alexander,40,39,40,
,17005,Bond,33,32,34,
,17007,Boone,34,33,35,
,17009,Brown,34,33,35,
,17011,Bureau,32,31,33,
,17013,Calhoun,30,30,31,
,17015,Carroll,29,28,30,
,17017,Cass,32,31,33,
,17019,Champaign,33,32,34,
,17021,Christian,32,31,33,
,17023,Clark,31,30,32,
,17025,Clay,32,30,33,
,17027,Clinton,31,30,32,
,17029,Coles,33,32,34,
,17031,Cook,34,34,35,
,17033,Crawford,32,30,33,
,17035,Cumberland,31,30,32,
,17037,DeKalb,32,31,33,
,17039,De Witt,30,29,32,
,17041,Douglas,31,30,33,
,17043,DuPage,30,29,31,
,17045,Edgar,31,30,33,
,17047,Edwards,31,30,32,
,17049,Effingham,31,30,32,
,17051,Fayette,32,30,33,
,17053,Ford,31,30,32,
,17055,Franklin,32,31,34,
,17057,Fulton,32,31,33,
,17059,Gallatin,31,30,32,
,17061,Greene,31,30,33,
,17063,Grundy,31,30,32,
,17065,Hamilton,31,30,32,
,17067,Hancock,31,30,32,
,17069,Hardin,32,30,33,
,17071,Henderson,31,30,32,
,17073,Henry,32,31,33,
,17075,Iroquois,31,30,32,
,17077,Jackson,35,33,36,
,17079,Jasper,30,29,31,
,17081,Jefferson,34,33,35,
,17083,Jersey,30,29,32,
,17085,Jo Daviess,29,28,30,
,17087,Johnson,33,32,34,
,17089,Kane,33,32,33,
,17091,Kankakee,35,34,36,
,17093,Kendall,31,30,32,
,17095,Knox,32,31,34,
,17097,Lake,31,30,32,
,17099,LaSalle,32,31,33,
,17101,Lawrence,34,32,35,
,17103,Lee,31,30,32,
,17105,Livingston,32,31,33,
,17107,Logan,32,31,33,
,17109,McDonough,33,32,34,
,17111,McHenry,31,30,32,
,17113,McLean,32,31,33,
,17115,Macon,32,31,33,
,17117,Macoupin,31,30,33,
,17119,Madison,32,31,33,
,17121,Marion,31,30,32,
,17123,Marshall,30,29,31,
,17125,Mason,32,30,33,
,17127,Massac,32,31,33,
,17129,Menard,30,29,32,
,17131,Mercer,30,28,31,
,17133,Monroe,30,29,31,
,17135,Montgomery,33,32,34,
,17137,Morgan,32,31,33,
,17139,Moultrie,31,30,32,
,17141,Ogle,30,29,31,
,17143,Peoria,34,34,35,
,17145,Perry,32,31,33,
,17147,Piatt,30,29,31,
,17149,Pike,31,30,33,
,17151,Pope,31,30,33,
,17153,Pulaski,36,35,36,
,17155,Putnam,30,29,31,
,17157,Randolph,32,31,33,
,17159,Richland,31,30,32,
,17161,Rock Island,32,31,33,
,17163,St. Clair,37,36,38,
,17165,Saline,33,32,34,
,17167,Sangamon,32,31,33,
,17169,Schuyler,31,30,32,
,17171,Scott,31,29,32,
,17173,Shelby,31,30,32,
,17175,Stark,30,29,31,
,17177,Stephenson,33,32,34,
,17179,Tazewell,31,30,32,
,17181,Union,31,30,33,
,17183,Vermilion,34,33,35,
,17185,Wabash,31,30,33,
,17187,Warren,31,30,32,
,17189,Washington,30,29,31,
,17191,Wayne,31,30,32,
,17193,White,31,29,32,
,17195,Whiteside,30,29,31,
,17197,Will,36,35,36,
,17199,Williamson,31,30,32,
,17201,Winnebago,34,33,34,
,17203,Woodford,31,30,32,
Michigan,26001,Alcona,31,29,32,
,26003,Alger,33,31,34,
,26005,Allegan,30,29,31,
,26007,Alpena,33,32,34,
,26009,Antrim,32,31,33,
,26011,Arenac,34,32,35,
,26013,Baraga,34,33,35,
,26015,Barry,31,30,32,
,26017,Bay,30,29,31,
,26019,Benzie,30,29,32,
,26021,Berrien,33,33,34,
,26023,Branch,35,34,36,
,26025,Calhoun,37,36,37,
,26027,Cass,32,31,33,
,26029,Charlevoix,30,29,32,
,26031,Cheboygan,31,30,32,
,26033,Chippewa,35,34,36,
,26035,Clare,34,33,35,
,26037,Clinton,29,28,30,
,26039,Crawford,30,29,31,
,26041,Delta,32,30,33,
,26043,Dickinson,30,29,32,
,26045,Eaton,33,32,34,
,26047,Emmet,31,30,32,
,26049,Genesee,35,34,36,
,26051,Gladwin,32,31,33,
,26053,Gogebic,34,32,35,
,26055,Grand Traverse,31,30,32,
,26057,Gratiot,34,33,36,
,26059,Hillsdale,32,31,33,
,26061,Houghton,32,31,34,
,26063,Huron,32,31,33,
,26065,Ingham,32,31,33,
,26067,Ionia,32,31,33,
,26069,Iosco,33,32,34,
,26071,Iron,30,29,31,
,26073,Isabella,33,32,35,
,26075,Jackson,36,35,37,
,26077,Kalamazoo,30,30,31,
,26079,Kalkaska,33,32,34,
,26081,Kent,32,31,33,
,26083,Keweenaw,30,29,31,
,26085,Lake,34,33,36,
,26087,Lapeer,30,29,31,
,26089,Leelanau,28,27,29,
,26091,Lenawee,33,32,34,
,26093,Livingston,30,29,31,
,26095,Luce,35,34,36,
,26097,Mackinac,33,32,34,
,26099,Macomb,35,34,36,
,26101,Manistee,31,30,32,
,26103,Marquette,31,30,32,
,26105,Mason,32,31,33,
,26107,Mecosta,33,32,35,
,26109,Menominee,32,31,33,
,26111,Midland,33,32,34,
,26113,Missaukee,32,31,33,
,26115,Monroe,34,33,35,
,26117,Montcalm,35,34,36,
,26119,Montmorency,31,30,32,
,26121,Muskegon,34,34,35,
,26123,Newaygo,33,32,34,
,26125,Oakland,35,34,35,
,26127,Oceana,32,31,33,
,26129,Ogemaw,32,31,33,
,26131,Ontonagon,31,30,32,
,26133,Osceola,31,30,32,
,26135,Oscoda,31,30,33,
,26137,Otsego,31,30,32,
,26139,Ottawa,31,30,32,
,26141,Presque Isle,30,29,31,
,26143,Roscommon,32,31,34,
,26145,Saginaw,36,36,37,
,26147,St. Clair,33,32,35,
,26149,St. Joseph,33,32,34,
,26151,Sanilac,30,29,32,
,26153,Schoolcraft,33,32,34,
,26155,Shiawassee,33,32,34,
,26157,Tuscola,32,31,33,
,26159,Van Buren,33,32,34,
,26161,Washtenaw,31,30,32,
,26163,Wayne,41,41,42,
,26165,Wexford,33,32,35,
Indiana,18001,Adams,33,32,34,
,18003,Allen,34,33,34,
,18005,Bartholomew,34,33,35,
,18007,Benton,35,34,36,
,18009,Blackford,35,34,36,
,18011,Boone,31,30,32,
,18013,Brown,34,33,36,
,18015,Carroll,33,32,34,
,18017,Cass,36,35,37,
,18019,Clark,36,36,37,
,18021,Clay,35,34,36,
,18023,Clinton,35,34,36,
,18025,Crawford,35,34,36,
,18027,Daviess,35,34,37,
,18029,Dearborn,35,34,36,
,18031,Decatur,36,34,37,
,18033,DeKalb,35,34,37,
,18035,Delaware,36,35,37,
,18037,Dubois,32,31,33,
,18039,Elkhart,35,34,36,
,18041,Fayette,37,36,38,
,18043,Floyd,34,33,35,
,18045,Fountain,34,32,35,
,18047,Franklin,33,32,34,
,18049,Fulton,35,34,36,
,18051,Gibson,37,36,38,
,18053,Grant,38,37,39,
,18055,Greene,33,32,35,
,18057,Hamilton,30,29,30,
,18059,Hancock,34,33,35,
,18061,Harrison,35,34,36,
,18063,Hendricks,32,31,33,
,18065,Henry,37,36,38,
,18067,Howard,36,35,37,
,18069,Huntington,35,34,36,
,18071,Jackson,37,36,38,
,18073,Jasper,34,33,35,
,18075,Jay,34,32,35,
,18077,Jefferson,36,35,37,
,18079,Jennings,35,34,37,
,18081,Johnson,34,33,35,
,18083,Knox,34,33,35,
,18085,Kosciusko,34,33,35,
,18087,LaGrange,35,34,37,
,18089,Lake,42,41,42,
,18091,LaPorte,37,37,38,
,18093,Lawrence,35,34,36,
,18095,Madison,38,37,39,
,18097,Marion,38,38,39,
,18099,Marshall,37,36,38,
,18101,Martin,37,35,38,
,18103,Miami,38,37,39,
,18105,Monroe,34,33,35,
,18107,Montgomery,35,34,37,
,18109,Morgan,37,36,38,
,18111,Newton,34,33,35,
,18113,Noble,35,34,36,
,18115,Ohio,33,32,35,
,18117,Orange,35,34,36,
,18119,Owen,36,34,37,
,18121,Parke,35,34,37,
,18123,Perry,35,34,36,
,18125,Pike,34,33,36,
,18127,Porter,35,34,35,
,18129,Posey,32,31,33,
,18131,Pulaski,34,33,36,
,18133,Putnam,35,34,36,
,18135,Randolph,36,35,37,
,18137,Ripley,33,32,35,
,18139,Rush,33,32,35,
,18141,St. Joseph,37,36,38,
,18143,Scott,37,36,39,
,18145,Shelby,33,32,34,
,18147,Spencer,32,31,33,
,18149,Starke,34,33,35,
,18151,Steuben,33,31,34,
,18153,Sullivan,37,36,38,
,18155,Switzerland,34,33,35,
,18157,Tippecanoe,37,36,37,
,18159,Tipton,34,33,35,
,18161,Union,34,33,35,
,18163,Vanderburgh,36,36,37,
,18165,Vermillion,34,33,36,
,18167,Vigo,37,36,38,
,18169,Wabash,33,32,34,
,18171,Warren,34,33,35,
,18173,Warrick,34,33,35,
,18175,Washington,34,33,35,
,18177,Wayne,37,36,38,
,18179,Wells,33,31,34,
,18181,White,34,33,35,
,18183,Whitley,34,33,35,
Ohio,39001,Adams,36,34,37,
,39003,Allen,35,34,36,
,39005,Ashland,35,34,37,
,39007,Ashtabula,39,38,40,
,39009,Athens,35,34,37,
,39011,Auglaize,36,35,37,
,39013,Belmont,36,35,37,
,39015,Brown,36,35,37,
,39017,Butler,38,37,39,
,39019,Carroll,34,33,35,
,39021,Champaign,38,37,39,
,39023,Clark,37,36,38,
,39025,Clermont,36,35,37,
,39027,Clinton,36,35,38,
,39029,Columbiana,37,36,38,
,39031,Coshocton,36,34,37,
,39033,Crawford,34,33,35,
,39035,Cuyahoga,38,37,38,
,39037,Darke,35,34,36,
,39039,Defiance,34,33,35,
,39041,Delaware,32,32,33,
,39043,Erie,35,34,35,
,39045,Fairfield,35,34,36,
,39047,Fayette,35,34,36,
,39049,Franklin,38,37,39,
,39051,Fulton,35,33,36,
,39053,Gallia,38,37,39,
,39055,Geauga,34,32,35,
,39057,Greene,34,33,35,
,39059,Guernsey,39,38,40,
,39061,Hamilton,34,33,35,
,39063,Hancock,32,31,33,
,39065,Hardin,35,34,36,
,39067,Harrison,37,35,38,
,39069,Henry,34,33,35,
,39071,Highland,36,34,37,
,39073,Hocking,38,37,39,
,39075,Holmes,36,34,37,
,39077,Huron,35,34,37,
,39079,Jackson,38,36,39,
,39081,Jefferson,37,36,38,
,39083,Knox,35,34,36,
,39085,Lake,33,32,34,
,39087,Lawrence,37,36,38,
,39089,Licking,33,32,34,
,39091,Logan,36,35,37,
,39093,Lorain,34,33,35,
,39095,Lucas,37,36,37,
,39097,Madison,36,35,37,
,39099,Mahoning,37,37,38,
,39101,Marion,37,36,38,
,39103,Medina,34,32,35,
,39105,Meigs,38,37,39,
,39107,Mercer,33,31,34,
,39109,Miami,34,33,35,
,39111,Monroe,36,35,37,
,39113,Montgomery,39,39,40,
,39115,Morgan,37,36,38,
,39117,Morrow,35,34,36,
,39119,Muskingum,39,38,40,
,39121,Noble,35,34,36,
,39123,Ottawa,33,32,35,
,39125,Paulding,34,33,35,
,39127,Perry,39,37,40,
,39129,Pickaway,37,35,38,
,39131,Pike,41,40,42,
,39133,Portage,33,32,34,
,39135,Preble,36,34,37,
,39137,Putnam,32,31,33,
,39139,Richland,35,34,36,
,39141,Ross,36,35,37,
,39143,Sandusky,37,36,38,
,39145,Scioto,41,40,42,
,39147,Seneca,36,35,37,
,39149,Shelby,35,33,36,
,39151,Stark,35,34,36,
,39153,Summit,39,38,40,
,39155,Trumbull,39,38,40,
,39157,Tuscarawas,35,34,36,
,39159,Union,35,33,36,
,39161,Van Wert,35,34,36,
,39163,Vinton,39,38,41,
,39165,Warren,34,33,35,
,39167,Washington,35,34,36,
,39169,Wayne,37,36,38,
,39171,Williams,36,35,37,
,39173,Wood,37,36,38,
,39175,Wyandot,34,33,35,
Kentucky,21001,Adair,39,37,40,
,21003,Allen,38,37,39,
,21005,Anderson,36,35,38,
,21007,Ballard,39,38,40,
,21009,Barren,38,37,39,
,21011,Bath,41,40,42,
,21013,Bell,43,42,44,
,21015,Boone,34,33,35,
,21017,Bourbon,39,38,40,
,21019,Boyd,37,36,38,
,21021,Boyle,39,38,40,
,21023,Bracken,36,34,37,
,21025,Breathitt,40,39,42,
,21027,Breckinridge,37,36,39,
,21029,Bullitt,40,39,41,
,21031,Butler,41,39,42,
,21033,Caldwell,38,37,39,
,21035,Calloway,35,34,36,
,21037,Campbell,39,38,40,
,21039,Carlisle,36,35,37,
,21041,Carroll,39,37,40,
,21043,Carter,38,37,39,
,21045,Casey,39,37,40,
,21047,Christian,42,41,43,
,21049,Clark,38,37,39,
,21051,Clay,41,39,42,
,21053,Clinton,38,37,39,
,21055,Crittenden,38,37,39,
,21057,Cumberland,39,38,41,
,21059,Daviess,35,34,35,
,21061,Edmonson,39,38,40,
,21063,Elliott,41,40,43,
,21065,Estill,40,39,41,
,21067,Fayette,37,36,38,
,21069,Fleming,37,36,38,
,21071,Floyd,43,42,45,
,21073,Franklin,36,35,37,
,21075,Fulton,41,40,42,
,21077,Gallatin,38,37,40,
,21079,Garrard,38,36,39,
,21081,Grant,36,35,38,
,21083,Graves,36,35,37,
,21085,Grayson,40,38,41,
,21087,Green,37,36,38,
,21089,Greenup,39,38,41,
,21091,Hancock,38,36,39,
,21093,Hardin,41,41,42,
,21095,Harlan,41,39,42,
,21097,Harrison,37,36,39,
,21099,Hart,38,37,39,
,21101,Henderson,36,35,37,
,21103,Henry,37,36,38,
,21105,Hickman,38,37,39,
,21107,Hopkins,36,35,37,
,21109,Jackson,39,38,41,
,21111,Jefferson,36,35,36,
,21113,Jessamine,36,35,37,
,21115,Johnson,42,40,43,
,21117,Kenton,37,36,38,
,21119,Knott,41,40,42,
,21121,Knox,40,39,42,
,21123,Larue,38,37,39,
,21125,Laurel,39,38,40,
,21127,Lawrence,40,39,42,
,21129,Lee,39,38,40,
,21131,Leslie,42,41,43,
,21133,Letcher,45,43,46,
,21135,Lewis,40,39,41,
,21137,Lincoln,39,38,40,
,21139,Livingston,36,35,37,
,21141,Logan,37,36,38,
,21143,Lyon,36,35,38,
,21145,McCracken,35,34,35,
,21147,McCreary,42,41,43,
,21149,McLean,36,35,37,
,21151,Madison,37,36,38,
,21153,Magoffin,40,39,42,
,21155,Marion,38,37,40,
,21157,Marshall,36,35,37,
,21159,Martin,44,43,45,
,21161,Mason,38,37,39,
,21163,Meade,37,36,38,
,21165,Menifee,40,39,42,
,21167,Mercer,38,37,39,
,21169,Metcalfe,40,39,42,
,21171,Monroe,40,38,41,
,21173,Montgomery,38,37,39,
,21175,Morgan,45,44,46,
,21177,Muhlenberg,38,36,39,
,21179,Nelson,38,37,40,
,21181,Nicholas,37,35,38,
,21183,Ohio,39,37,40,
,21185,Oldham,35,34,36,
,21187,Owen,38,36,39,
,21189,Owsley,40,38,41,
,21191,Pendleton,38,36,39,
,21193,Perry,39,38,40,
,21195,Pike,45,44,46,
,21197,Powell,40,39,42,
,21199,Pulaski,38,37,39,
,21201,Robertson,37,35,38,
,21203,Rockcastle,38,37,40,
,21205,Rowan,38,36,39,
,21207,Russell,37,36,38,
,21209,Scott,38,37,39,
,21211,Shelby,35,34,37,
,21213,Simpson,39,37,40,
,21215,Spencer,35,33,36,
,21217,Taylor,39,38,40,
,21219,Todd,38,37,40,
,21221,Trigg,36,35,37,
,21223,Trimble,37,35,38,
,21225,Union,40,38,41,
,21227,Warren,37,36,38,
,21229,Washington,37,36,38,
,21231,Wayne,39,37,40,
,21233,Webster,39,38,40,
,21235,Whitley,40,39,41,
,21237,Wolfe,40,39,41,
,21239,Woodford,38,37,39,
Tennessee,47001,Anderson,34,33,35,
,47003,Bedford,37,36,38,
,47005,Benton,36,35,37,
,47007,Bledsoe,36,35,38,
,47009,Blount,34,33,35,
,47011,Bradley,37,36,38,
,47013,Campbell,37,35,38,
,47015,Cannon,36,34,37,
,47017,Carroll,35,34,36,
,47019,Carter,35,34,36,
,47021,Cheatham,35,33,36,
,47023,Chester,36,34,37,
,47025,Claiborne,35,34,36,
,47027,Clay,37,35,38,
,47029,Cocke,37,35,38,
,47031,Coffee,34,33,36,
,47033,Crockett,38,37,39,
,47035,Cumberland,33,32,34,
,47037,Davidson,36,35,37,
,47039,Decatur,35,34,37,
,47041,DeKalb,36,35,37,
,47043,Dickson,36,35,37,
,47045,Dyer,38,37,39,
,47047,Fayette,35,34,36,
,47049,Fentress,35,34,37,
,47051,Franklin,34,33,35,
,47053,Gibson,37,36,38,
,47055,Giles,38,37,39,
,47057,Grainger,36,35,37,
,47059,Greene,35,34,36,
,47061,Grundy,37,36,38,
,47063,Hamblen,33,32,34,
,47065,Hamilton,34,33,35,
,47067,Hancock,36,35,37,
,47069,Hardeman,42,41,43,
,47071,Hardin,35,33,36,
,47073,Hawkins,37,35,38,
,47075,Haywood,42,41,43,
,47077,Henderson,34,33,35,
,47079,Henry,35,34,36,
,47081,Hickman,35,34,36,
,47083,Houston,36,34,37,
,47085,Humphreys,34,33,36,
,47087,Jackson,36,35,37,
,47089,Jefferson,35,34,36,
,47091,Johnson,37,36,38,
,47093,Knox,36,35,37,
,47095,Lake,41,40,42,
,47097,Lauderdale,41,40,42,
,47099,Lawrence,34,33,35,
,47101,Lewis,34,33,35,
,47103,Lincoln,36,35,37,
,47105,Loudon,32,31,33,
,47107,McMinn,37,36,38,
,47109,McNairy,37,36,38,
,47111,Macon,35,34,36,
,47113,Madison,39,38,40,
,47115,Marion,35,34,36,
,47117,Marshall,36,35,37,
,47119,Maury,37,37,38,
,47121,Meigs,35,34,37,
,47123,Monroe,36,35,37,
,47125,Montgomery,37,36,38,
,47127,Moore,33,32,35,
,47129,Morgan,36,35,37,
,47131,Obion,37,36,38,
,47133,Overton,35,34,36,
,47135,Perry,35,33,36,
,47137,Pickett,33,32,35,
,47139,Polk,35,34,36,
,47141,Putnam,33,32,35,
,47143,Rhea,37,36,38,
,47145,Roane,35,34,36,
,47147,Robertson,35,34,36,
,47149,Rutherford,37,36,38,
,47151,Scott,36,35,37,
,47153,Sequatchie,36,34,37,
,47155,Sevier,35,33,36,
,47157,Shelby,37,36,37,
,47159,Smith,35,34,37,
,47161,Stewart,34,33,36,
,47163,Sullivan,36,35,37,
,47165,Sumner,37,36,38,
,47167,Tipton,37,36,38,
,47169,Trousdale,35,34,37,
,47171,Unicoi,34,33,36,
,47173,Union,35,34,36,
,47175,Van Buren,35,34,36,
,47177,Warren,35,34,36,
,47179,Washington,36,35,37,
,47181,Wayne,37,35,38,
,47183,Weakley,36,35,37,
,47185,White,36,34,37,
,47187,Williamson,32,31,33,
,47189,Wilson,33,32,34,
Mississippi,28001,Adams,40,39,41,
,28003,Alcorn,33,32,34,
,28005,Amite,35,34,36,
,28007,Attala,36,35,37,
,28009,Benton,35,34,36,
,28011,Bolivar,40,39,41,
,28013,Calhoun,33,33,34,
,28015,Carroll,32,31,33,
,28017,Chickasaw,37,36,38,
,28019,Choctaw,34,33,35,
,28021,Claiborne,43,42,45,
,28023,Clarke,34,33,34,
,28025,Clay,36,35,37,
,28027,Coahoma,40,39,41,
,28029,Copiah,36,35,37,
,28031,Covington,35,34,36,
,28033,DeSoto,32,31,33,
,28035,Forrest,38,38,39,
,28037,Franklin,34,33,35,
,28039,George,30,29,31,
,28041,Greene,35,34,36,
,28043,Grenada,38,37,39,
,28045,Hancock,33,32,34,
,28047,Harrison,36,35,37,
,28049,Hinds,41,40,42,
,28051,Holmes,43,42,44,
,28053,Humphreys,43,42,44,
,28055,Issaquena,41,40,42,
,28057,Itawamba,33,32,35,
,28059,Jackson,33,32,34,
,28061,Jasper,37,36,38,
,28063,Jefferson,44,42,45,
,28065,Jefferson Davis,40,39,41,
,28067,Jones,34,33,35,
,28069,Kemper,40,39,41,
,28071,Lafayette,32,31,33,
,28073,Lamar,32,31,33,
,28075,Lauderdale,39,38,40,
,28077,Lawrence,37,36,38,
,28079,Leake,39,38,40,
,28081,Lee,34,33,35,
,28083,Leflore,42,41,43,
,28085,Lincoln,34,33,35,
,28087,Lowndes,38,38,39,
,28089,Madison,34,33,35,
,28091,Marion,33,33,34,
,28093,Marshall,36,35,37,
,28095,Monroe,32,32,33,
,28097,Montgomery,35,35,36,
,28099,Neshoba,36,36,37,
,28101,Newton,35,34,35,
,28103,Noxubee,41,39,42,
,28105,Oktibbeha,34,33,35,
,28107,Panola,39,38,40,
,28109,Pearl River,33,32,34,
,28111,Perry,34,33,35,
,28113,Pike,39,38,39,
,28115,Pontotoc,32,32,34,
,28117,Prentiss,33,32,34,
,28119,Quitman,41,40,43,
,28121,Rankin,33,32,34,
,28123,Scott,37,36,38,
,28125,Sharkey,40,39,41,
,28127,Simpson,35,34,36,
,28129,Smith,34,33,35,
,28131,Stone,33,32,34,
,28133,Sunflower,39,38,40,
,28135,Tallahatchie,39,38,40,
,28137,Tate,35,34,36,
,28139,Tippah,33,32,34,
,28141,Tishomingo,33,32,34,
,28143,Tunica,41,40,42,
,28145,Union,34,33,35,
,28147,Walthall,35,34,36,
,28149,Warren,36,35,37,
,28151,Washington,40,39,41,
,28153,Wayne,37,36,38,
,28155,Webster,33,32,34,
,28157,Wilkinson,41,39,42,
,28159,Winston,37,36,37,
,28161,Yalobusha,35,34,36,
,28163,Yazoo,39,38,40,
Alabama,01001,Autauga,38,37,39,
,01003,Baldwin,33,32,34,
,01005,Barbour,40,39,40,
,01007,Bibb,41,40,42,
,01009,Blount,36,35,37,
,01011,Bullock,44,43,45,
,01013,Butler,41,40,42,
,01015,Calhoun,39,38,40,
,01017,Chambers,40,39,40,
,01019,Cherokee,34,33,35,
,01021,Chilton,39,38,40,
,01023,Choctaw,43,42,43,
,01025,Clarke,39,38,40,
,01027,Clay,36,35,37,
,01029,Cleburne,33,32,34,
,01031,Coffee,35,35,36,
,01033,Colbert,36,35,37,
,01035,Conecuh,41,40,42,
,01037,Coosa,39,38,40,
,01039,Covington,36,34,37,
,01041,Crenshaw,39,38,40,
,01043,Cullman,35,34,36,
,01045,Dale,41,40,42,
,01047,Dallas,44,43,45,
,01049,DeKalb,36,35,37,
,01051,Elmore,34,33,35,
,01053,Escambia,39,38,40,
,01055,Etowah,40,39,41,
,01057,Fayette,37,36,38,
,01059,Franklin,38,37,39,
,01061,Geneva,36,35,37,
,01063,Greene,47,46,48,
,01065,Hale,43,42,44,
,01067,Henry,37,36,38,
,01069,Houston,38,37,39,
,01071,Jackson,35,34,36,
,01073,Jefferson,41,40,41,
,01075,Lamar,36,35,37,
,01077,Lauderdale,37,36,38,
,01079,Lawrence,36,35,37,
,01081,Lee,38,37,39,
,01083,Limestone,36,35,37,
,01085,Lowndes,44,43,45,
,01087,Macon,46,45,48,
,01089,Madison,38,38,39,
,01091,Marengo,44,43,45,
,01093,Marion,37,36,38,
,01095,Marshall,35,34,36,
,01097,Mobile,40,39,40,
,01099,Monroe,41,40,42,
,01101,Montgomery,40,39,41,
,01103,Morgan,36,35,37,
,01105,Perry,45,44,46,
,01107,Pickens,40,39,41,
,01109,Pike,43,42,44,
,01111,Randolph,35,34,36,
,01113,Russell,42,41,42,
,01115,St. Clair,36,35,37,
,01117,Shelby,34,33,34,
,01119,Sumter,43,42,44,
,01121,Talladega,40,39,41,
,01123,Tallapoosa,39,38,40,
,01125,Tuscaloosa,38,37,38,
,01127,Walker,40,38,41,
,01129,Washington,39,38,40,
,01131,Wilcox,45,44,46,
,01133,Winston,35,34,36,
Georgia,13001,Appling,37,36,38,
,13003,Atkinson,40,39,40,
,13005,Bacon,37,36,38,
,13007,Baker,40,39,41,
,13009,Baldwin,40,39,41,
,13011,Banks,36,35,37,
,13013,Barrow,38,37,39,
,13015,Bartow,35,34,36,
,13017,Ben Hill,41,40,42,
,13019,Berrien,37,36,38,
,13021,Bibb,41,40,42,
,13023,Bleckley,37,36,38,
,13025,Brantley,38,37,39,
,13027,Brooks,38,37,39,
,13029,Bryan,36,35,37,
,13031,Bulloch,39,38,40,
,13033,Burke,44,43,45,
,13035,Butts,38,37,39,
,13037,Calhoun,46,45,48,
,13039,Camden,36,35,37,
,13043,Candler,38,37,39,
,13045,Carroll,36,35,37,
,13047,Catoosa,34,33,35,
,13049,Charlton,40,39,41,
,13051,Chatham,40,40,41,
,13053,Chattahoochee,37,36,39,
,13055,Chattooga,37,36,39,
,13057,Cherokee,34,33,35,
,13059,Clarke,38,37,39,
,13061,Clay,45,44,46,
,13063,Clayton,47,46,48,
,13065,Clinch,39,38,40,
,13067,Cobb,36,35,36,
,13069,Coffee,38,37,39,
,13071,Colquitt,39,38,39,
,13073,Columbia,34,33,35,
,13075,Cook,39,38,40,
,13077,Coweta,35,34,36,
,13079,Crawford,36,35,37,
,13081,Crisp,41,40,42,
,13083,Dade,34,32,35,
,13085,Dawson,34,33,36,
,13087,Decatur,39,38,40,
,13089,DeKalb,41,40,42,
,13091,Dodge,39,38,40,
,13093,Dooly,42,41,43,
,13095,Dougherty,45,44,46,
,13097,Douglas,43,42,44,
,13099,Early,40,39,41,
,13101,Echols,37,36,38,
,13103,Effingham,36,35,37,
,13105,Elbert,38,38,39,
,13107,Emanuel,42,41,43,
,13109,Evans,40,39,41,
,13111,Fannin,34,32,35,
,13113,Fayette,37,36,38,
,13115,Floyd,38,37,39,
,13117,Forsyth,32,31,33,
,13119,Franklin,36,35,37,
,13121,Fulton,38,38,39,
,13123,Gilmer,34,33,35,
,13125,Glascock,35,34,36,
,13127,Glynn,37,36,38,
,13129,Gordon,36,35,37,
,13131,Grady,42,41,42,
,13133,Greene,39,38,40,
,13135,Gwinnett,39,39,40,
,13137,Habersham,35,34,36,
,13139,Hall,33,32,33,
,13141,Hancock,45,44,46,
,13143,Haralson,36,35,37,
,13145,Harris,33,32,34,
,13147,Hart,37,36,38,
,13149,Heard,37,35,38,
,13151,Henry,42,41,43,
,13153,Houston,38,37,39,
,13155,Irwin,39,38,40,
,13157,Jackson,35,34,36,
,13159,Jasper,38,37,39,
,13161,Jeff Davis,38,37,39,
,13163,Jefferson,42,41,43,
,13165,Jenkins,42,41,43,
,13167,Johnson,39,38,40,
,13169,Jones,37,36,38,
,13171,Lamar,37,36,39,
,13173,Lanier,39,38,40,
,13175,Laurens,38,37,39,
,13177,Lee,37,36,38,
,13179,Liberty,42,41,43,
,13181,Lincoln,38,37,39,
,13183,Long,38,37,39,
,13185,Lowndes,41,40,42,
,13187,Lumpkin,35,34,36,
,13189,McDuffie,39,38,40,
,13191,McIntosh,38,37,39,
,13193,Macon,44,42,45,
,13195,Madison,36,35,37,
,13197,Marion,39,38,40,
,13199,Meriwether,39,38,40,
,13201,Miller,37,37,39,
,13205,Mitchell,44,43,45,
,13207,Monroe,36,35,37,
,13209,Montgomery,39,38,40,
,13211,Morgan,37,36,38,
,13213,Murray,36,35,37,
,13215,Muscogee,42,41,43,
,13217,Newton,41,40,41,
,13219,Oconee,33,32,34,
,13221,Oglethorpe,35,34,36,
,13223,Paulding,36,35,37,
,13225,Peach,40,39,41,
,13227,Pickens,33,32,34,
,13229,Pierce,36,35,38,
,13231,Pike,35,34,36,
,13233,Polk,37,36,38,
,13235,Pulaski,37,36,38,
,13237,Putnam,37,36,38,
,13239,Quitman,41,40,42,
,13241,Rabun,34,33,35,
,13243,Randolph,43,42,45,
,13245,Richmond,43,42,44,
,13247,Rockdale,39,38,40,
,13249,Schley,37,36,38,
,13251,Screven,40,39,41,
,13253,Seminole,38,37,39,
,13255,Spalding,41,40,41,
,13257,Stephens,36,35,37,
,13259,Stewart,43,42,44,
,13261,Sumter,40,39,41,
,13263,Talbot,43,42,44,
,13265,Taliaferro,44,43,45,
,13267,Tattnall,40,39,41,
,13269,Taylor,40,39,41,
,13271,Telfair,42,41,43,
,13273,Terrell,43,42,44,
,13275,Thomas,40,39,41,
,13277,Tift,38,37,39,
,13279,Toombs,37,36,38,
,13281,Towns,32,31,33,
,13283,Treutlen,41,40,42,
,13285,Troup,42,41,43,
,13287,Turner,40,39,41,
,13289,Twiggs,42,41,43,
,13291,Union,32,31,33,
,13293,Upson,39,38,40,
,13295,Walker,36,35,37,
,13297,Walton,36,35,37,
,13299,Ware,40,39,41,
,13301,Warren,42,41,43,
,13303,Washington,42,41,43,
,13305,Wayne,36,35,37,
,13307,Webster,40,39,41,
,13309,Wheeler,42,41,43,
,13311,White,34,32,35,
,13313,Whitfield,37,36,38,
,13315,Wilcox,42,41,43,
,13317,Wilkes,40,39,41,
,13319,Wilkinson,38,37,39,
,13321,Worth,39,38,40,
Florida,12001,Alachua,34,33,34,
,12003,Baker,36,35,37,
,12005,Bay,34,33,35,
,12007,Bradford,35,34,36,
,12009,Brevard,34,34,35,
,12011,Broward,37,36,37,
,12013,Calhoun,36,35,37,
,12015,Charlotte,30,29,31,
,12017,Citrus,32,31,33,
,12019,Clay,34,33,35,
,12021,Collier,31,30,32,
,12023,Columbia,37,36,38,
,12027,DeSoto,37,36,37,
,12029,Dixie,33,32,34,
,12031,Duval,36,35,37,
,12033,Escambia,34,33,35,
,12035,Flagler,31,30,32,
,12037,Franklin,34,33,35,
,12039,Gadsden,40,39,41,
,12041,Gilchrist,33,32,34,
,12043,Glades,35,34,36,
,12045,Gulf,35,34,36,
,12047,Hamilton,38,37,39,
,12049,Hardee,37,36,38,
,12051,Hendry,39,38,40,
,12053,Hernando,33,33,34,
,12055,Highlands,32,31,33,
,12057,Hillsborough,36,35,36,
,12059,Holmes,34,33,35,
,12061,Indian River,32,31,33,
,12063,Jackson,36,35,36,
,12065,Jefferson,37,36,37,
,12067,Lafayette,36,35,37,
,12069,Lake,32,31,33,
,12071,Lee,31,30,31,
,12073,Leon,35,34,35,
,12075,Levy,35,34,36,
,12077,Liberty,36,35,37,
,12079,Madison,37,37,38,
,12081,Manatee,34,33,35,
,12083,Marion,34,33,34,
,12085,Martin,31,30,32,
,12086,Miami-Dade,35,34,35,
,12087,Monroe,33,32,34,
,12089,Nassau,32,31,33,
,12091,Okaloosa,32,31,33,
,12093,Okeechobee,35,34,36,
,12095,Orange,34,34,35,
,12097,Osceola,38,37,38,
,12099,Palm Beach,36,35,36,
,12101,Pasco,34,33,35,
,12103,Pinellas,34,34,35,
,12105,Polk,35,34,36,
,12107,Putnam,35,34,36,
,12109,St. Johns,34,33,35,
,12111,St. Lucie,35,34,36,
,12113,Santa Rosa,34,33,35,
,12115,Sarasota,31,30,32,
,12117,Seminole,34,34,35,
,12119,Sumter,27,26,27,
,12121,Suwannee,36,35,37,
,12123,Taylor,35,34,36,
,12125,Union,37,36,38,
,12127,Volusia,34,33,34,
,12129,Wakulla,33,32,34,
,12131,Walton,34,33,35,
,12133,Washington,35,34,36,
Maine,23001,Androscoggin,33,32,34,
,23003,Aroostook,35,34,35,
,23005,Cumberland,27,27,28,
,23007,Franklin,34,33,35,
,23009,Hancock,28,27,29,
,23011,Kennebec,33,32,34,
,23013,Knox,32,31,32,
,23015,Lincoln,28,27,29,
,23017,Oxford,35,34,36,
,23019,Penobscot,33,32,34,
,23021,Piscataquis,34,33,35,
,23023,Sagadahoc,30,29,31,
,23025,Somerset,33,32,34,
,23027,Waldo,32,31,33,
,23029,Washington,33,32,34,
,23031,York,30,30,31,
New Hampshire,33001,Belknap,31,30,32,
,33003,Carroll,29,28,30,
,33005,Cheshire,33,32,34,
,33007,Coos,34,33,35,
,33009,Grafton,28,27,29,
,33011,Hillsborough,34,33,34,
,33013,Merrimack,29,28,29,
,33015,Rockingham,29,29,30,
,33017,Strafford,31,30,32,
,33019,Sullivan,31,31,32,
Vermont,Vermont,Addison,29,28,29,
,Vermont,Bennington,31,30,32,
,Vermont,Caledonia,28,27,29,
,Vermont,Chittenden,26,25,26,
,Vermont,Essex,34,33,36,
,Vermont,Franklin,34,33,35,
,Vermont,Grand Isle,28,27,29,
,Vermont,Lamoille,27,26,28,
,Vermont,Orange,32,31,33,
,Vermont,Orleans,32,31,32,
,Vermont,Rutland,31,30,32,
,Vermont,Washington,28,27,29,
,Vermont,Windham,30,29,31,
,Vermont,Windsor,28,27,29,
Massachusetts,25001,Barnstable,29,28,30,
,25003,Berkshire,33,33,34,
,25005,Bristol,39,39,40,
,25007,Dukes,33,32,34,
,25009,Essex,36,36,37,
,25011,Franklin,32,31,33,
,25013,Hampden,38,37,39,
,25015,Hampshire,29,28,30,
,25017,Middlesex,33,32,33,
,25019,Nantucket,33,32,34,
,25021,Norfolk,33,32,34,
,25023,Plymouth,38,37,38,
,25025,Suffolk,35,35,36,
,25027,Worcester,36,35,37,
Connecticut,09001,Fairfield,33,32,33,
,09003,Hartford,33,32,33,
,09005,Litchfield,29,29,30,
,09007,Middlesex,32,31,33,
,09009,New Haven,36,35,37,
,09011,New London,33,33,34,
,09013,Tolland,31,30,32,
,09015,Windham,37,36,38,
Rhode Island,44001,Bristol,28,27,29,
,44003,Kent,35,34,36,
,44005,Newport,29,28,30,
,44007,Providence,38,38,39,
,44009,Washington,28,27,29,
New York,36001,Albany,34,33,35,
,36003,Allegany,33,32,34,
,36005,Bronx,41,40,42,
,36007,Broome,34,33,35,
,36009,Cattaraugus,35,33,36,
,36011,Cayuga,34,33,35,
,36013,Chautauqua,35,34,36,
,36015,Chemung,35,34,36,
,36017,Chenango,34,33,35,
,36019,Clinton,35,33,36,
,36021,Columbia,33,32,34,
,36023,Cortland,34,33,35,
,36025,Delaware,33,32,34,
,36027,Dutchess,34,33,35,
,36029,Erie,37,36,38,
,36031,Essex,34,33,35,
,36033,Franklin,38,37,39,
,36035,Fulton,35,34,36,
,36037,Genesee,34,32,35,
,36039,Greene,34,33,35,
,36041,Hamilton,32,31,33,
,36043,Herkimer,35,34,36,
,36045,Jefferson,35,34,36,
,36047,Kings,42,42,43,
,36049,Lewis,35,34,36,
,36051,Livingston,34,33,35,
,36053,Madison,34,33,36,
,36055,Monroe,35,34,35,
,36057,Montgomery,35,34,36,
,36059,Nassau,37,36,38,
,36061,New York,37,36,37,
,36063,Niagara,36,35,37,
,36065,Oneida,37,36,38,
,36067,Onondaga,32,31,33,
,36069,Ontario,33,32,34,
,36071,Orange,38,37,39,
,36073,Orleans,36,35,38,
,36075,Oswego,36,35,38,
,36077,Otsego,33,32,34,
,36079,Putnam,32,31,33,
,36081,Queens,40,39,40,
,36083,Rensselaer,35,34,36,
,36085,Richmond,37,37,38,
,36087,Rockland,37,36,38,
,36089,St. Lawrence,34,32,35,
,36091,Saratoga,33,32,35,
,36093,Schenectady,36,35,37,
,36095,Schoharie,33,32,34,
,36097,Schuyler,34,33,35,
,36099,Seneca,35,33,36,
,36101,Steuben,32,31,33,
,36103,Suffolk,37,37,38,
,36105,Sullivan,36,35,37,
,36107,Tioga,34,33,35,
,36109,Tompkins,35,33,36,
,36111,Ulster,36,35,37,
,36113,Warren,33,32,35,
,36115,Washington,35,34,36,
,36117,Wayne,35,34,36,
,36119,Westchester,38,37,38,
,36121,Wyoming,35,34,36,
,36123,Yates,33,32,34,
Pennsylvania,42001,Adams,33,32,34,
,42003,Allegheny,36,36,37,
,42005,Armstrong,37,36,38,
,42007,Beaver,35,34,36,
,42009,Bedford,35,34,36,
,42011,Berks,34,33,35,
,42013,Blair,35,34,36,
,42015,Bradford,32,31,34,
,42017,Bucks,35,34,36,
,42019,Butler,37,36,38,
,42021,Cambria,34,33,35,
,42023,Cameron,36,34,37,
,42025,Carbon,36,35,37,
,42027,Centre,35,34,36,
,42029,Chester,32,31,33,
,42031,Clarion,36,35,37,
,42033,Clearfield,36,35,37,
,42035,Clinton,37,36,38,
,42037,Columbia,37,36,38,
,42039,Crawford,36,35,37,
,42041,Cumberland,33,33,34,
,42043,Dauphin,38,37,39,
,42045,Delaware,37,36,37,
,42047,Elk,36,35,38,
,42049,Erie,33,32,33,
,42051,Fayette,39,38,40,
,42053,Forest,38,37,39,
,42055,Franklin,33,32,34,
,42057,Fulton,33,32,34,
,42059,Greene,36,35,37,
,42061,Huntingdon,35,34,37,
,42063,Indiana,36,35,37,
,42065,Jefferson,35,34,36,
,42067,Juniata,33,32,34,
,42069,Lackawanna,36,35,37,
,42071,Lancaster,32,31,33,
,42073,Lawrence,35,34,36,
,42075,Lebanon,37,36,37,
,42077,Lehigh,38,37,39,
,42079,Luzerne,36,35,37,
,42081,Lycoming,32,31,33,
,42083,McKean,37,36,39,
,42085,Mercer,35,34,36,
,42087,Mifflin,33,32,34,
,42089,Monroe,35,35,36,
,42091,Montgomery,34,33,34,
,42093,Montour,34,33,35,
,42095,Northampton,36,35,37,
,42097,Northumberland,37,36,38,
,42099,Perry,35,34,36,
,42101,Philadelphia,43,43,44,
,42103,Pike,34,33,35,
,42105,Potter,35,34,36,
,42107,Schuylkill,35,34,36,
,42109,Snyder,36,35,38,
,42111,Somerset,36,35,38,
,42113,Sullivan,34,33,35,
,42115,Susquehanna,34,33,35,
,42117,Tioga,35,34,36,
,42119,Union,33,32,34,
,42121,Venango,34,33,35,
,42123,Warren,36,35,37,
,42125,Washington,39,38,40,
,42127,Wayne,35,34,36,
,42129,Westmoreland,39,38,40,
,42131,Wyoming,36,35,37,
,42133,York,34,33,34,
West Virginia,54001,Barbour,38,36,39,
,54003,Berkeley,38,38,39,
,54005,Boone,37,36,38,
,54007,Braxton,37,35,38,
,54009,Brooke,34,33,35,
,54011,Cabell,36,35,37,
,54013,Calhoun,38,36,39,
,54015,Clay,38,37,39,
,54017,Doddridge,36,35,37,
,54019,Fayette,39,38,40,
,54021,Gilmer,40,39,41,
,54023,Grant,34,33,35,
,54025,Greenbrier,36,35,37,
,54027,Hampshire,36,35,38,
,54029,Hancock,34,33,35,
,54031,Hardy,37,35,38,
,54033,Harrison,35,34,36,
,54035,Jackson,36,35,37,
,54037,Jefferson,35,34,36,
,54039,Kanawha,37,36,38,
,54041,Lewis,37,36,38,
,54043,Lincoln,38,37,39,
,54045,Logan,41,40,42,
,54047,McDowell,42,41,43,
,54049,Marion,35,34,36,
,54051,Marshall,36,35,37,
,54053,Mason,36,35,38,
,54055,Mercer,38,37,39,
,54057,Mineral,34,33,35,
,54059,Mingo,39,38,41,
,54061,Monongalia,35,34,36,
,54063,Monroe,36,35,37,
,54065,Morgan,36,35,38,
,54067,Nicholas,35,34,36,
,54069,Ohio,34,33,35,
,54071,Pendleton,38,37,39,
,54073,Pleasants,36,35,37,
,54075,Pocahontas,34,33,35,
,54077,Preston,36,35,37,
,54079,Putnam,33,32,34,
,54081,Raleigh,37,37,38,
,54083,Randolph,37,36,38,
,54085,Ritchie,36,34,37,
,54087,Roane,38,37,39,
,54089,Summers,38,37,39,
,54091,Taylor,37,36,39,
,54093,Tucker,35,34,37,
,54095,Tyler,35,34,37,
,54097,Upshur,36,35,37,
,54099,Wayne,41,40,42,
,54101,Webster,38,36,39,
,54103,Wetzel,36,34,37,
,54105,Wirt,37,36,38,
,54107,Wood,37,36,38,
,54109,Wyoming,40,39,41,
Maryland,24001,Allegany,35,35,36,
,24003,Anne Arundel,35,34,35,
,24005,Baltimore,38,38,39,
,24009,Calvert,35,34,36,
,24011,Caroline,33,33,34,
,24013,Carroll,30,29,31,
,24015,Cecil,36,35,37,
,24017,Charles,45,45,46,
,24019,Dorchester,34,34,35,
,24021,Frederick,34,33,34,
,24023,Garrett,34,33,35,
,24025,Harford,36,35,36,
,24027,Howard,33,32,33,
,24029,Kent,32,31,33,
,24031,Montgomery,34,34,35,
,24033,Prince George's,47,46,47,
,24035,Queen Anne's,34,33,34,
,24037,St. Mary's,35,34,35,
,24039,Somerset,43,42,44,
,24041,Talbot,31,31,32,
,24043,Washington,36,35,36,
,24045,Wicomico,37,36,38,
,24047,Worcester,32,31,33,
,24510,Baltimore City,43,42,44,
Delaware,10001,Kent,38,38,39,
,10003,New Castle,37,36,38,
,10005,Sussex,34,33,35,
New Jersey,34001,Atlantic,38,37,39,
,34003,Bergen,39,39,40,
,34005,Burlington,35,34,35,
,34007,Camden,41,40,41,
,34009,Cape May,31,30,32,
,34011,Cumberland,39,38,39,
,34013,Essex,43,42,43,
,34015,Gloucester,38,37,38,
,34017,Hudson,42,42,43,
,34019,Hunterdon,32,31,32,
,34021,Mercer,35,35,36,
,34023,Middlesex,39,39,40,
,34025,Monmouth,35,34,35,
,34027,Morris,33,32,33,
,34029,Ocean,39,38,40,
,34031,Passaic,39,39,40,
,34033,Salem,37,36,38,
,34035,Somerset,35,35,36,
,34037,Sussex,31,31,32,
,34039,Union,39,39,40,
,34041,Warren,37,36,37,
Virginia,51001,Accomack,34,33,35,
,51003,Albemarle,33,33,34,
,51005,Alleghany,34,33,35,
,51007,Amelia,33,32,34,
,51009,Amherst,36,35,37,
,51011,Appomattox,34,34,35,
,51013,Arlington,33,32,33,
,51015,Augusta,34,33,35,
,51017,Bath,35,34,36,
,51019,Bedford,32,31,33,
,51021,Bland,33,32,34,
,51023,Botetourt,29,28,30,
,51025,Brunswick,43,42,44,
,51027,Buchanan,38,36,39,
,51029,Buckingham,40,39,40,
,51031,Campbell,35,34,35,
,51033,Caroline,36,35,37,
,51035,Carroll,35,34,36,
,51036,Charles City,39,38,39,
,51037,Charlotte,38,37,39,
,51041,Chesterfield,32,32,33,
,51043,Clarke,34,33,35,
,51045,Craig,32,31,33,
,51047,Culpeper,36,35,37,
,51049,Cumberland,38,37,39,
,51051,Dickenson,37,35,38,
,51053,Dinwiddie,34,34,35,
,51057,Essex,37,36,38,
,51059,Fairfax,33,32,34,
,51061,Fauquier,35,34,36,
,51063,Floyd,34,32,35,
,51065,Fluvanna,34,33,35,
,51067,Franklin,33,32,34,
,51069,Frederick,33,33,34,
,51071,Giles,35,34,36,
,51073,Gloucester,32,31,33,
,51075,Goochland,32,31,33,
,51077,Grayson,33,32,34,
,51079,Greene,33,32,35,
,51081,Greensville,43,42,44,
,51083,Halifax,37,36,38,
,51085,Hanover,31,30,32,
,51087,Henrico,34,33,35,
,51089,Henry,37,37,38,
,51091,Highland,32,31,33,
,51093,Isle of Wight,34,33,35,
,51095,James City,31,31,32,
,51097,King and Queen,36,35,37,
,51099,King George,34,33,35,
,51101,King William,35,34,36,
,51103,Lancaster,33,32,34,
,51105,Lee,37,36,38,
,51107,Loudoun,31,30,32,
,51109,Louisa,34,33,35,
,51111,Lunenburg,38,37,39,
,51113,Madison,34,33,35,
,51115,Mathews,31,30,32,
,51117,Mecklenburg,36,35,37,
,51119,Middlesex,33,32,34,
,51121,Montgomery,36,35,37,
,51125,Nelson,32,31,33,
,51127,New Kent,33,32,34,
,51131,Northampton,36,35,36,
,51133,Northumberland,33,33,34,
,51135,Nottoway,39,38,40,
,51137,Orange,34,33,35,
,51139,Page,34,33,35,
,51141,Patrick,34,33,35,
,51143,Pittsylvania,37,36,38,
,51145,Powhatan,33,32,34,
,51147,Prince Edward,38,37,39,
,51149,Prince George,41,40,42,
,51153,Prince William,36,36,37,
,51155,Pulaski,35,34,36,
,51157,Rappahannock,32,31,33,
,51159,Richmond,38,37,39,
,51161,Roanoke,33,32,34,
,51163,Rockbridge,34,33,36,
,51165,Rockingham,30,29,31,
,51167,Russell,36,35,37,
,51169,Scott,36,35,37,
,51171,Shenandoah,35,34,36,
,51173,Smyth,34,33,35,
,51175,Southampton,39,38,40,
,51177,Spotsylvania,36,36,37,
,51179,Stafford,35,34,36,
,51181,Surry,38,38,40,
,51183,Sussex,42,42,44,
,51185,Tazewell,35,34,36,
,51187,Warren,33,32,34,
,51191,Washington,32,31,33,
,51193,Westmoreland,36,35,36,
,51195,Wise,38,37,39,
,51197,Wythe,36,35,37,
,51199,York,33,32,34,
,51510,Alexandria City,36,36,37,
,51520,Bristol City,35,34,36,
,51530,Buena Vista City,35,34,37,
,51540,Charlottesville City,37,36,38,
,51550,Chesapeake City,37,36,37,
,51570,Colonial Heights City,34,33,34,
,51580,Covington City,36,35,37,
,51590,Danville City,40,39,41,
,51595,Emporia City,44,43,45,
,51600,Fairfax City,33,33,34,
,51610,Falls Church City,33,32,34,
,51620,Franklin City,43,42,44,
,51630,Fredericksburg City,37,36,38,
,51640,Galax City,36,35,37,
,51650,Hampton City,44,43,44,
,51660,Harrisonburg City,37,36,39,
,51670,Hopewell City,39,38,39,
,51678,Lexington City,34,32,36,
,51680,Lynchburg City,36,35,37,
,51683,Manassas City,36,36,37,
,51685,Manassas Park City,37,36,38,
,51690,Martinsville City,41,40,42,
,51700,Newport News City,41,40,42,
,51710,Norfolk City,39,38,40,
,51720,Norton City,36,35,37,
,51730,Petersburg City,46,45,47,
,51735,Poquoson City,32,31,33,
,51740,Portsmouth City,38,37,39,
,51750,Radford City,37,35,39,
,51760,Richmond City,39,38,40,
,51770,Roanoke City,38,37,39,
,51775,Salem City,34,33,36,
,51790,Staunton City,34,33,35,
,51800,Suffolk City,38,37,39,
,51810,Virginia Beach City,35,35,36,
,51820,Waynesboro City,34,33,35,
,51830,Williamsburg City,34,33,36,
,51840,Winchester City,36,35,37,
North Carolina,37001,Alamance,33,32,34,
,37003,Alexander,29,28,30,
,37005,Alleghany,30,29,31,
,37007,Anson,38,37,39,
,37009,Ashe,30,29,31,
,37011,Avery,30,29,31,
,37013,Beaufort,32,32,33,
,37015,Bertie,39,38,40,
,37017,Bladen,38,38,39,
,37019,Brunswick,30,29,31,
,37021,Buncombe,29,28,30,
,37023,Burke,33,32,34,
,37025,Cabarrus,33,32,33,
,37027,Caldwell,34,33,35,
,37029,Camden,31,30,32,
,37031,Carteret,29,28,30,
,37033,Caswell,33,32,34,
,37035,Catawba,31,30,31,
,37037,Chatham,29,28,30,
,37039,Cherokee,30,29,31,
,37041,Chowan,34,33,35,
,37043,Clay,30,29,31,
,37045,Cleveland,34,33,35,
,37047,Columbus,34,33,35,
,37049,Craven,32,31,33,
,37051,Cumberland,40,39,41,
,37053,Currituck,30,29,31,
,37055,Dare,28,27,29,
,37057,Davidson,31,30,32,
,37059,Davie,29,28,30,
,37061,Duplin,34,34,35,
,37063,Durham,33,32,34,
,37065,Edgecombe,38,37,39,
,37067,Forsyth,34,34,35,
,37069,Franklin,33,32,33,
,37071,Gaston,36,35,37,
,37073,Gates,35,34,36,
,37075,Graham,30,29,31,
,37077,Granville,33,33,34,
,37079,Greene,37,36,38,
,37081,Guilford,33,33,34,
,37083,Halifax,38,37,39,
,37085,Harnett,35,34,36,
,37087,Haywood,27,26,28,
,37089,Henderson,29,28,30,
,37091,Hertford,38,37,39,
,37093,Hoke,37,36,38,
,37095,Hyde,34,33,35,
,37097,Iredell,32,31,33,
,37099,Jackson,29,28,30,
,37101,Johnston,34,33,35,
,37103,Jones,33,32,34,
,37105,Lee,36,35,37,
,37107,Lenoir,35,35,36,
,37109,Lincoln,31,30,32,
,37111,McDowell,32,31,33,
,37113,Macon,29,28,30,
,37115,Madison,30,29,31,
,37117,Martin,35,34,36,
,37119,Mecklenburg,33,33,34,
,37121,Mitchell,30,29,31,
,37123,Montgomery,32,31,33,
,37125,Moore,30,29,31,
,37127,Nash,35,34,36,
,37129,New Hanover,31,30,31,
,37131,Northampton,36,35,37,
,37133,Onslow,34,33,35,
,37135,Orange,30,29,31,
,37137,Pamlico,31,30,32,
,37139,Pasquotank,35,34,35,
,37141,Pender,32,32,33,
,37143,Perquimans,32,31,33,
,37145,Person,34,33,34,
,37147,Pitt,35,34,36,
,37149,Polk,28,27,30,
,37151,Randolph,31,31,32,
,37153,Richmond,35,34,36,
,37155,Robeson,40,39,40,
,37157,Rockingham,34,33,35,
,37159,Rowan,32,31,33,
,37161,Rutherford,31,30,32,
,37163,Sampson,35,34,35,
,37165,Scotland,37,36,38,
,37167,Stanly,30,29,31,
,37169,Stokes,30,29,32,
,37171,Surry,31,30,32,
,37173,Swain,33,32,34,
,37175,Transylvania,28,27,29,
,37177,Tyrrell,35,34,36,
,37179,Union,31,31,32,
,37181,Vance,37,36,38,
,37183,Wake,30,30,31,
,37185,Warren,36,35,37,
,37187,Washington,35,34,36,
,37189,Watauga,31,29,32,
,37191,Wayne,34,33,35,
,37193,Wilkes,31,30,32,
,37195,Wilson,34,33,35,
,37197,Yadkin,32,31,33,
,37199,Yancey,29,28,30,
South Carolina,45001,Abbeville,34,34,35,
,45003,Aiken,33,32,33,
,45005,Allendale,43,42,45,
,45007,Anderson,36,36,37,
,45009,Bamberg,39,38,40,
,45011,Barnwell,40,39,41,
,45013,Beaufort,31,30,31,
,45015,Berkeley,38,37,39,
,45017,Calhoun,37,36,38,
,45019,Charleston,35,34,35,
,45021,Cherokee,37,36,38,
,45023,Chester,35,34,35,
,45025,Chesterfield,38,37,39,
,45027,Clarendon,36,35,36,
,45029,Colleton,40,39,41,
,45031,Darlington,36,36,37,
,45033,Dillon,41,40,41,
,45035,Dorchester,34,34,35,
,45037,Edgefield,39,38,40,
,45039,Fairfield,41,40,42,
,45041,Florence,37,37,38,
,45043,Georgetown,35,34,36,
,45045,Greenville,34,33,34,
,45047,Greenwood,37,36,37,
,45049,Hampton,40,39,41,
,45051,Horry,33,32,34,
,45053,Jasper,38,37,39,
,45055,Kershaw,37,36,37,
,45057,Lancaster,35,34,36,
,45059,Laurens,36,36,37,
,45061,Lee,41,40,42,
,45063,Lexington,36,35,36,
,45065,McCormick,35,34,36,
,45067,Marion,40,39,41,
,45069,Marlboro,42,41,43,
,45071,Newberry,37,36,38,
,45073,Oconee,34,33,35,
,45075,Orangeburg,41,40,41,
,45077,Pickens,36,35,37,
,45079,Richland,39,39,40,
,45081,Saluda,34,34,35,
,45083,Spartanburg,34,33,35,
,45085,Sumter,39,38,40,
,45087,Union,36,35,37,
,45089,Williamsburg,40,39,41,
,45091,York,36,35,37,
Alaska,02013,Aleutians East,32,29,35,
,02016,Aleutians West,32,29,35,
,02020,Anchorage,32,29,35,
,02050,Bethel,32,29,35,
,02060,Bristol Bay,32,29,35,
,02068,Denali,32,29,35,
,02070,Dillingham,32,29,35,
,02090,Fairbanks North Star,32,29,35,
,02100,Haines,32,29,35,
,02105,Hoonah-Angoon,32,29,35,
,02110,Juneau,32,29,35,
,02122,Kenai Peninsula,32,29,35,
,02130,Ketchikan Gateway,32,29,35,
,02150,Kodiak Island,32,29,35,
,02158,Kusilvak,32,29,35,
,02164,Lake and Peninsula,32,29,35,
,02170,Matanuska-Susitna,32,29,35,
,02180,Nome,32,29,35,
,02185,North Slope,32,29,35,
,02188,Northwest Arctic,32,29,35,
,02195,Petersburg,32,29,35,
,02198,Prince of Wales-Hyder,32,29,35,
,02220,Sitka,32,29,35,
,02230,Skagway,32,29,35,
,02240,Southeast Fairbanks,32,29,35,
,02261,Valdez-Cordova,32,29,35,
,02275,Wrangell,32,29,35,
,02282,Yakutat,32,29,35,
,02290,Yukon-Koyukuk,32,29,35,
Hawaii,15001,Hawaii,39,39,40,
,15003,Honolulu,46,45,46,
,15005,Kalawao,38,37,39,
,15007,Kauai,37,36,37,
,15009,Maui,36,35,36,